Ticker,Company Name,Sector,Market Cap,52-Week High,52-Week Low,Average Price,Previous Close
MMM,MMM,Industrial Conglomerates,70400581632,141.34,75.652176,108.496088,127.13
AOS,AOS,Building Products,9964057600,92.45,68.07,80.25999999999999,68.44
ABT,ABT,Health Care Equipment,198127370240,121.64,99.71,110.675,112.42
ABBV,ABBV,Biotechnology,310274424832,207.32,153.58,180.45,171.52
ACN,ACN,IT Consulting & Other Services,229157109760,387.51,278.69,333.1,372.16
ADBE,ADBE,Application Software,196844240896,638.25,432.47,535.36,437.39
AMD,AMD,Semiconductors,193455177728,227.3,117.9,172.60000000000002,118.88
AES,AES,Independent Power Producers & Energy Traders,9243351040,22.21,12.24,17.225,12.44
AFL,AFL,Life & Health Insurance,57047171072,115.5,75.08,95.28999999999999,101.25
A,A,Life Sciences Tools & Services,38415384576,155.35,124.16,139.755,133.19
APD,APD,Industrial Gases,65599582208,337.0,212.24,274.62,293.17
ABNB,ABNB,"Hotels, Resorts & Cruise Lines",83850649600,170.1,110.38,140.24,129.35
AKAM,AKAM,Internet Services & Infrastructure,14405267456,129.17,84.7,106.935,94.58
ALB,ALB,Specialty Chemicals,10419920896,153.21,71.97,112.59,88.92
ARE,ARE,Office REITs,17331146752,131.36,97.21,114.285,97.29
ALGN,ALGN,Health Care Supplies,15756283904,335.4,196.09,265.745,213.58
ALLE,ALLE,Building Products,11490313216,156.1,113.27,134.685,130.63
LNT,LNT,Electric Utilities,15126511616,64.19,46.8,55.495,58.26
ALL,ALL,Property & Casualty Insurance,51255271424,209.88,137.07,173.475,189.79
GOOGL,GOOGL,Interactive Media & Services,2351625142272,201.42,130.67,166.045,188.51
GOOG,GOOG,Interactive Media & Services,2351623045120,202.88,131.55,167.215,189.7
MO,MO,Tobacco,91248566272,58.04,39.25,48.644999999999996,52.99
AMZN,AMZN,Broadline Retail,2365033807872,233.0,144.05,188.525,223.29
AMCR,AMCR,Paper & Plastic Packaging Products & Materials,13586195456,11.48,8.78,10.129999999999999,9.4
AMTM,AMTM,Diversified Support Services,4664099328,34.5,18.3796,26.439799999999998,18.93
AEE,AEE,Multi-Utilities,23834001408,95.69,67.03,81.36,88.57
AEP,AEP,Electric Utilities,49395404800,105.18,75.22,90.2,91.24
AXP,AXP,Consumer Finance,210382487552,307.82,177.81,242.815,293.08
AIG,AIG,Multi-line Insurance,45341773824,80.83,66.06,73.445,71.09
AMT,AMT,Telecom Tower REITs,85855002624,243.56,170.46,207.01,179.4
AWK,AWK,Water Utilities,24541052928,150.68,113.34,132.01,123.83
AMP,AMP,Asset Management & Custody Banks,51623407616,577.0,368.41,472.70500000000004,525.76
AME,AME,Electrical Components & Equipment,42412634112,198.33,149.03,173.68,182.11
AMGN,AMGN,Biotechnology,141575438336,346.85,253.3,300.07500000000005,261.19
APH,APH,Electronic Components,85091958784,75.78,46.945,61.3625,70.01
ADI,ADI,Semiconductors,105105776640,244.14,181.81,212.975,207.78
ANSS,ANSS,Application Software,29591330816,364.31,289.82,327.065,334.48
AON,AON,Insurance Brokers,77524877312,395.33,268.06,331.695,353.75
APA,APA,Oil & Gas Exploration & Production,7783685632,37.82,20.32,29.07,20.48
AAPL,AAPL,"Technology Hardware, Storage & Peripherals",3846819807232,255.0,164.08,209.54000000000002,249.79
AMAT,AMAT,Semiconductor Materials & Equipment,133110726656,255.89,148.05,201.97,161.44
APTV,APTV,Automotive Parts & Equipment,13834219520,91.66,51.47,71.565,57.01
ACGL,ACGL,Property & Casualty Insurance,34234257408,116.47,73.04,94.755,88.99
ADM,ADM,Agricultural Products & Services,24161183744,74.02,48.92,61.47,49.38
ANET,ANET,Communications Equipment,142113521664,116.94,56.65,86.795,109.07
AJG,AJG,Insurance Brokers,70719234048,316.72,221.15,268.935,279.09
AIZ,AIZ,Multi-line Insurance,10886776832,230.55,160.12,195.335,208.44
T,T,Integrated Telecommunication Services,163237838848,24.03,15.94,19.985,22.57
ATO,ATO,Gas Utilities,21710899200,152.65,110.46,131.555,137.97
ADSK,ADSK,Application Software,64247537664,326.62,195.32,260.97,293.63
ADP,ADP,Human Resource & Employment Services,119800504320,309.63,230.38,270.005,291.33
AZO,AZO,Automotive Retail,54690828288,3416.71,2510.0,2963.355,3215.29
AVB,AVB,Multi-Family Residential REITs,31600791552,239.29,169.37,204.32999999999998,217.16
AVY,AVY,Paper & Plastic Packaging Products & Materials,15115568128,233.48,185.73,209.605,186.26
AXON,AXON,Aerospace & Defense,48169394176,698.67,241.72,470.195,615.68
BKR,BKR,Oil & Gas Equipment & Services,39897690112,45.17,28.32,36.745000000000005,39.8
BALL,BALL,"Metal, Glass & Plastic Containers",16652169216,71.32,54.06,62.69,55.36
BAC,BAC,Diversified Banks,338911100928,48.08,31.27,39.675,43.38
BAX,BAX,Health Care Equipment,15062345728,44.01,28.62,36.315,28.9
BDX,BDX,Health Care Equipment,66029019136,249.89,218.75,234.32,223.83
BRK.B,BRK.B,Multi-Sector Holdings,N/A,N/A,N/A,N/A,N/A
BBY,BBY,Computer & Electronics Retail,18290247680,103.71,69.29,86.5,85.2
TECH,TECH,Life Sciences Tools & Services,11626127360,85.57,61.16,73.365,71.39
BIIB,BIIB,Biotechnology,21343463424,268.3,145.07,206.685,147.39
BLK,BLK,Asset Management & Custody Banks,159322472448,1082.45,745.55,914.0,1016.33
BX,BX,Asset Management & Custody Banks,207208415232,200.96,114.88,157.92000000000002,168.91
BK,BK,Asset Management & Custody Banks,56435798016,82.72,51.35,67.035,76.41
BA,BA,Aerospace & Defense,132689018880,264.66,137.03,200.84500000000003,177.04
BKNG,BKNG,"Hotels, Resorts & Cruise Lines",167091666944,5337.24,3180.0,4258.62,4980.4
BWA,BWA,Automotive Parts & Equipment,6972155904,38.23,29.51,33.87,31.48
BSX,BSX,Health Care Equipment,131097174016,91.93,55.69,73.81,88.66
BMY,BMY,Pharmaceuticals,116275560448,61.08,39.35,50.215,56.3
AVGO,AVGO,Semiconductors,1031217348608,251.88,104.151,178.0155,218.32
BR,BR,Data Processing & Outsourced Services,26418081792,237.96,188.3,213.13,224.18
BRO,BRO,Insurance Brokers,29433659392,114.15,69.24,91.695,102.3
BF.B,BF.B,Distillers & Vintners,N/A,N/A,N/A,N/A,N/A
BLDR,BLDR,Building Products,17320292352,214.7,130.75,172.725,146.29
BG,BG,Agricultural Products & Services,11044496384,114.92,77.64,96.28,77.92
BXP,BXP,Office REITs,13164555264,90.11,56.46,73.285,73.33
CHRW,CHRW,Air Freight & Logistics,12333509632,114.82,65.0,89.91,105.0
CDNS,CDNS,Application Software,82682068992,328.99,241.29,285.14,299.87
CZR,CZR,Casinos & Gaming,6973593600,48.57,31.74,40.155,33.07
CPT,CPT,Multi-Family Residential REITs,12258713600,127.69,90.5,109.095,112.52
CPB,CPB,Packaged Foods & Meats,12371523584,52.81,40.26,46.535,41.58
COF,COF,Consumer Finance,68156760064,198.3,123.23,160.76500000000001,175.66
CAH,CAH,Health Care Distributors,28624943104,126.23,93.17,109.7,117.0
KMX,KMX,Automotive Retail,12969826304,91.25,65.83,78.53999999999999,84.23
CCL,CCL,"Hotels, Resorts & Cruise Lines",35054399488,27.17,13.78,20.475,25.18
CARR,CARR,Building Products,61451075584,83.32,53.13,68.225,66.465
CAT,CAT,Construction Machinery & Heavy Transportation Equipment,176724836352,418.5,276.94,347.72,360.37
CBOE,CBOE,Financial Exchanges & Data,20058884096,221.66,166.13,193.89499999999998,193.8
CBRE,CBRE,Real Estate Services,39525285888,142.0,82.75,112.375,125.65
CDW,CDW,Technology Distributors,23258566656,263.37,170.68,217.025,173.28
CE,CE,Specialty Chemicals,7460544000,172.16,66.73,119.445,67.03
COR,COR,Health Care Distributors,44007923712,253.27,202.43,227.85000000000002,226.27
CNC,CNC,Managed Health Care,30079856640,81.42,55.03,68.225,59.71
CNP,CNP,Multi-Utilities,21207195648,33.0,25.41,29.205,31.76
CF,CF,Fertilizers & Agricultural Chemicals,14788219904,94.46,69.13,81.79499999999999,83.82
CRL,CRL,Life Sciences Tools & Services,9499572224,275.0,176.48,225.74,182.15
SCHW,SCHW,Investment Banking & Brokerage,136028905472,83.35,59.67,71.50999999999999,73.62
CHTR,CHTR,Cable & Satellite,49977675776,415.27,236.08,325.675,352.77
CVX,CVX,Integrated Oil & Gas,254690115584,167.11,135.37,151.24,141.15
CMG,CMG,Restaurants,84303437824,69.2614,44.0818,56.6716,61.74
CB,CB,Property & Casualty Insurance,110126374912,302.05,220.23,261.14,273.16
CHD,CHD,Household Products,25994287104,113.5,91.58,102.53999999999999,105.85
CI,CI,Health Care Services,77026131968,370.83,262.03,316.42999999999995,274.8
CINF,CINF,Property & Casualty Insurance,22598461440,161.75,101.41,131.57999999999998,142.23
CTAS,CTAS,Diversified Support Services,75429543936,228.12,143.6375,185.87875,182.79
CSCO,CSCO,Communications Equipment,233071116288,60.23,44.5,52.364999999999995,57.63
C,C,Diversified Banks,130856288256,73.38,50.51,61.94499999999999,68.42
CFG,CFG,Regional Banks,19148457984,49.25,30.24,39.745,42.45
CLX,CLX,Household Products,20354547712,171.37,127.6,149.485,164.13
CME,CME,Financial Exchanges & Data,85957140480,249.02,190.7,219.86,236.82
CMS,CMS,Multi-Utilities,19902068736,72.4,55.1,63.75,65.76
KO,KO,Soft Drinks & Non-alcoholic Beverages,269452886016,73.53,57.93,65.73,62.45
CTSH,CTSH,IT Consulting & Other Services,39284137984,82.46,63.79,73.125,79.49
CL,CL,Household Products,75189518336,109.3,78.3,93.8,92.92
CMCSA,CMCSA,Cable & Satellite,146250366976,47.11,36.43,41.769999999999996,37.4
CAG,CAG,Packaged Foods & Meats,12940145664,33.24,26.21,29.725,26.81
COP,COP,Oil & Gas Exploration & Production,123043438592,135.18,94.23,114.70500000000001,95.18
ED,ED,Multi-Utilities,31191611392,107.75,85.85,96.8,89.07
STZ,STZ,Distillers & Vintners,41334652928,274.87,224.76,249.815,227.05
CEG,CEG,Electric Utilities,71004364800,288.753,109.44,199.0965,225.17
COO,COO,Health Care Supplies,18649036800,112.38,84.76,98.57,91.93
CPRT,CPRT,Diversified Support Services,56096600064,64.38,46.21,55.295,58.45
GLW,GLW,Electronic Components,40507248640,51.03,29.71,40.370000000000005,47.06
CPAY,CPAY,Transaction & Payment Processing Services,23968733184,385.3,247.1,316.2,339.09
CTVA,CTVA,Fertilizers & Agricultural Chemicals,39505600512,64.2,44.01,54.105000000000004,56.16
CSGP,CSGP,Real Estate Services,29287542784,100.38,68.26,84.32,69.84
COST,COST,Consumer Staples Merchandise Retail,423510736896,1008.25,640.51,824.38,954.8
CTRA,CTRA,Oil & Gas Exploration & Production,17439016960,28.9,22.3,25.6,23.67
CRWD,CRWD,Systems Software,89236021248,398.327,200.81,299.5685,351.03
CCI,CCI,Telecom Tower REITs,39400656896,120.92,89.64,105.28,90.73
CSX,CSX,Rail Transportation,61420175360,40.12,31.43,35.775,31.58
CMI,CMI,Construction Machinery & Heavy Transportation Equipment,48203010048,387.9,226.53,307.215,349.7
CVS,CVS,Health Care Services,55823069184,83.25,43.6,63.425,43.78
DHR,DHR,Life Sciences Tools & Services,165075959808,281.7,222.53,252.115,226.16
DRI,DRI,Restaurants,22041825280,188.88,135.87,162.375,183.44
DVA,DVA,Health Care Services,12455345152,169.52,103.4,136.46,147.54
DAY,DAY,Human Resource & Employment Services,11802267648,82.69,47.08,64.88499999999999,74.0
DECK,DECK,Footwear,32050984960,214.7039,108.64833,161.676115,205.28
DE,DE,Agricultural & Farm Machinery,117453471744,469.39,340.2,404.79499999999996,426.63
DELL,DELL,"Technology Hardware, Storage & Peripherals",81092141056,179.7,74.32,127.00999999999999,111.96
DAL,DAL,Passenger Airlines,39316971520,67.5,36.34,51.92,60.38
DVN,DVN,Oil & Gas Exploration & Production,20212811776,55.09,30.3898,42.739900000000006,30.52
DXCM,DXCM,Health Care Equipment,31263223808,142.0,62.34,102.17,75.82
FANG,FANG,Oil & Gas Exploration & Production,45240774656,214.5,147.93,181.215,153.06
DLR,DLR,Data Center REITs,60376125440,198.0,130.0,164.0,176.81
DFS,DFS,Consumer Finance,43475628032,188.26,96.46,142.35999999999999,169.27
DG,DG,Consumer Staples Merchandise Retail,16802347008,168.07,72.12,120.095,73.89
DLTR,DLTR,Consumer Staples Merchandise Retail,15684945920,151.22,60.49,105.855,69.06
D,D,Multi-Utilities,45074935808,61.97,43.53,52.75,52.99
DPZ,DPZ,Restaurants,14716847104,542.75,395.08,468.91499999999996,427.64
DOV,DOV,Industrial Machinery & Supplies & Components,25966329856,208.26,143.97,176.115,188.94
DOW,DOW,Commodity Chemicals,27961675776,60.69,38.85,49.769999999999996,39.1
DHI,DHI,Homebuilding,44790935552,199.85,133.02,166.435,137.24
DTE,DTE,Multi-Utilities,24889397248,131.67,102.17,116.91999999999999,118.11
DUK,DUK,Electric Utilities,83644350464,121.25,90.09,105.67,107.08
DD,DD,Specialty Chemicals,32299563008,90.06,61.14,75.6,76.85
EMN,EMN,Specialty Chemicals,10636177408,114.5,80.71,97.60499999999999,90.03
ETN,ETN,Electrical Components & Equipment,133625020416,379.99,231.84,305.915,335.64
EBAY,EBAY,Broadline Retail,31139790848,67.8,40.16,53.98,63.95
ECL,ECL,Specialty Chemicals,67474665472,262.61,193.46,228.03500000000003,235.53
EIX,EIX,Electric Utilities,30786168832,88.77,63.15,75.96,77.93
EW,EW,Health Care Equipment,44122935296,96.12,58.93,77.525,73.93
EA,EA,Interactive Home Entertainment,38763950080,168.5,124.92,146.71,147.89
ELV,ELV,Managed Health Care,84874543104,567.26,362.21,464.735,366.48
EMR,EMR,Electrical Components & Equipment,70673096704,134.85,91.65,113.25,122.35
ENPH,ENPH,Semiconductor Materials & Equipment,9653395456,141.63,58.33,99.97999999999999,65.8
ETR,ETR,Electric Utilities,32216944640,79.035,48.075,63.555,74.49
EOG,EOG,Oil & Gas Exploration & Production,66954047488,139.67,108.94,124.30499999999999,118.22
EPAM,EPAM,IT Consulting & Other Services,14081654784,317.5,169.43,243.465,246.8
EQT,EQT,Oil & Gas Exploration & Production,25651447808,48.02,30.02,39.02,42.65
EFX,EFX,Research & Consulting Services,32032915456,309.63,213.02,261.325,253.66
EQIX,EQIX,Data Center REITs,89465782272,994.03,684.14,839.085,921.57
EQR,EQR,Multi-Family Residential REITs,27904485376,78.83,57.33,68.08,69.49
ERIE,ERIE,Insurance Brokers,21777698816,547.0,321.05,434.025,408.38
ESS,ESS,Multi-Family Residential REITs,18898388992,317.73,223.06,270.395,279.01
EL,EL,Personal Care Products,26693603328,159.75,62.29,111.02,74.7
EG,EG,Reinsurance,15327888384,407.3,343.76,375.53,349.36
EVRG,EVRG,Electric Utilities,14127425536,65.47,48.04,56.754999999999995,60.53
ES,ES,Electric Utilities,20866592768,69.01,52.09,60.550000000000004,55.9
EXC,EXC,Electric Utilities,37198807040,41.19,33.35,37.269999999999996,37.19
EXPE,EXPE,"Hotels, Resorts & Cruise Lines",23711924224,192.34,107.25,149.79500000000002,179.41
EXPD,EXPD,Air Freight & Logistics,15604525056,131.59,111.05,121.32,112.74
EXR,EXR,Self-Storage REITs,32422465536,184.87,131.02,157.945,142.35
XOM,XOM,Integrated Oil & Gas,465308188672,126.34,95.77,111.055,105.51
FFIV,FFIV,Communications Equipment,14785608704,264.5,159.01,211.755,250.41
FDS,FDS,Financial Exchanges & Data,18368344064,499.87,391.84,445.855,489.73
FICO,FICO,Application Software,50910969856,2402.52,1105.65,1754.085,2044.89
FAST,FAST,Trading Companies & Distributors,42863333376,84.88,61.33,73.10499999999999,74.03
FRT,FRT,Retail REITs,9579524096,118.34,95.98,107.16,109.55
FDX,FDX,Air Freight & Logistics,66409852928,313.84,234.45,274.145,275.88
FIS,FIS,Transaction & Payment Processing Services,43854315520,91.98,58.24,75.11,80.14
FITB,FITB,Regional Banks,28500453376,49.07,32.29,40.68,42.26
FSLR,FSLR,Semiconductors,19526307840,306.77,135.88,221.325,175.88
FE,FE,Electric Utilities,22931654656,44.97,35.41,40.19,39.16
FI,FI,Transaction & Payment Processing Services,117225758720,223.23,131.41,177.32,202.26
FMC,FMC,Fertilizers & Agricultural Chemicals,6260525568,68.72,47.73,58.224999999999994,47.86
F,F,Automobile Manufacturers,39265984512,14.85,9.49,12.17,9.74
FTNT,FTNT,Systems Software,74491568128,100.59,54.57,77.58,94.85
FTV,FTV,Industrial Machinery & Supplies & Components,25830350848,87.1,66.15,76.625,73.24
FOXA,FOXA,Broadcasting,21946050560,50.63,28.285,39.4575,48.84
FOX,FOX,Broadcasting,21941315584,47.8,25.815,36.8075,45.97
BEN,BEN,Asset Management & Custody Banks,10736411648,30.32,18.95,24.634999999999998,19.97
FCX,FCX,Copper,55839100928,55.24,36.26,45.75,38.24
GRMN,GRMN,Consumer Electronics,40131305472,222.97,119.15,171.06,205.42
IT,IT,IT Consulting & Other Services,37892227072,559.0,411.15,485.075,481.22
GE,GE,Aerospace & Defense,182225174528,194.8,98.68316,146.74158,164.8
GEHC,GEHC,Health Care Equipment,36051849216,94.55,71.31,82.93,77.43
GEV,GEV,Heavy Electrical Equipment,94455259136,357.09,119.0,238.045,332.55
GEN,GEN,Systems Software,17151517696,31.72,19.08,25.4,27.45
GNRC,GNRC,Electrical Components & Equipment,9297047552,195.94,108.89,152.415,156.12
GD,GD,Aerospace & Defense,72492826624,316.9,247.36,282.13,260.28
GIS,GIS,Packaged Foods & Meats,35063803904,75.9,61.48,68.69,64.01
GM,GM,Automobile Manufacturers,56970276864,61.24,34.32,47.78,50.34
GPC,GPC,Distributors,16090636288,164.45,112.74,138.595,114.62
GILD,GILD,Biotechnology,115367206912,98.9,62.07,80.485,91.09
GPN,GPN,Transaction & Payment Processing Services,28511076352,141.78,91.6,116.69,110.58
GL,GL,Life & Health Insurance,9182754816,132.0,38.95,85.475,105.91
GDDY,GDDY,Internet Services & Infrastructure,28837718016,211.11,99.9,155.505,202.94
GS,GS,Investment Banking & Brokerage,177704452096,612.73,372.07,492.4,553.99
HAL,HAL,Oil & Gas Equipment & Services,22814697472,41.56,25.51,33.535000000000004,25.77
HIG,HIG,Property & Casualty Insurance,31734368256,124.9,79.33,102.11500000000001,107.06
HAS,HAS,Leisure Products,8032467456,73.46,46.09,59.775,56.51
HCA,HCA,Health Care Facilities,76906029056,417.14,268.8,342.97,297.52
DOC,DOC,Health Care REITs,14072794112,23.26,16.02,19.64,19.76
HSIC,HSIC,Health Care Distributors,8705227776,82.63,63.67,73.15,68.95
HSY,HSY,Packaged Foods & Meats,34452963328,211.92,168.16,190.04,168.94
HES,HES,Integrated Oil & Gas,39497650176,163.98,123.79,143.885,127.66
HPE,HPE,"Technology Hardware, Storage & Peripherals",28424284160,24.24,14.465,19.3525,20.76
HLT,HLT,"Hotels, Resorts & Cruise Lines",60803608576,259.01,178.23,218.62,245.75
HOLX,HOLX,Health Care Equipment,16260322304,84.67,70.36,77.515,70.76
HD,HD,Home Improvement Retail,389994315776,439.37,323.77,381.57,385.02
HON,HON,Industrial Conglomerates,148464402432,242.77,189.66,216.215,226.88
HRL,HRL,Packaged Foods & Meats,17392732160,36.86,28.51,32.685,31.58
HST,HST,Hotel & Resort REITs,12895228928,21.31,15.71,18.509999999999998,17.63
HWM,HWM,Aerospace & Defense,45025906688,120.71,52.56,86.63499999999999,109.35
HPQ,HPQ,"Technology Hardware, Storage & Peripherals",30891065344,39.8,27.43,33.614999999999995,32.46
HUBB,HUBB,Industrial Machinery & Supplies & Components,22906568704,481.345,315.375,398.36,424.55
HUM,HUM,Managed Health Care,29753559040,475.0,213.31,344.155,235.78
HBAN,HBAN,Regional Banks,23709857792,18.45,12.02,15.235,15.91
HII,HII,Aerospace & Defense,7452174848,299.5,184.29,241.89499999999998,187.61
IBM,IBM,IT Consulting & Other Services,206528708608,239.35,157.89,198.62,223.92
IEX,IEX,Industrial Machinery & Supplies & Components,16082113536,246.36,189.51,217.935,210.26
IDXX,IDXX,Health Care Equipment,33757788160,583.39,398.5,490.945,409.03
ITW,ITW,Industrial Machinery & Supplies & Components,76429549568,279.13,232.77,255.95,258.11
INCY,INCY,Biotechnology,13262025728,83.95,50.35,67.15,67.06
IR,IR,Industrial Machinery & Supplies & Components,37189947392,106.03,74.01,90.02000000000001,91.26
PODD,PODD,Health Care Equipment,18698500096,279.77,160.19,219.98,256.56
INTC,INTC,Semiconductors,84189757440,51.28,18.51,34.895,19.06
ICE,ICE,Financial Exchanges & Data,86304546816,167.99,124.34,146.16500000000002,148.29
IFF,IFF,Specialty Chemicals,21922174976,106.77,72.94,89.85499999999999,85.54
IP,IP,Paper & Plastic Packaging Products & Materials,18916366336,60.36,32.7,46.53,53.84
IPG,IPG,Advertising,10829010944,35.17,26.88,31.025,28.63
INTU,INTU,Application Software,180095795200,714.78,557.29,636.035,636.95
ISRG,ISRG,Health Care Equipment,186790952960,556.23,320.26,438.245,523.91
IVZ,IVZ,Asset Management & Custody Banks,7788795392,18.94,14.16,16.55,16.78
INVH,INVH,Single-Family Residential REITs,19689156608,37.8,31.01,34.405,31.72
IQV,IQV,Life Sciences Tools & Services,35804504064,261.73,187.62,224.675,191.52
IRM,IRM,Other Specialized REITs,30842646528,130.24,64.68,97.46000000000001,101.62
JBHT,JBHT,Cargo Ground Transportation,17164290048,219.51,153.12,186.315,168.1
JBL,JBL,Electronic Manufacturing Services,16195484672,156.94,95.85,126.395,140.44
JKHY,JKHY,Transaction & Payment Processing Services,12894826496,189.63,157.0,173.315,175.99
J,J,Construction & Engineering,16835307520,150.54,105.16291,127.85145499999999,134.06
JNJ,JNJ,Pharmaceuticals,347828879360,168.85,142.75,155.8,143.58
JCI,JCI,Building Products,53398601728,87.16,51.71,69.435,78.71
JPM,JPM,Diversified Banks,668924837888,254.31,164.3,209.305,232.96
JNPR,JNPR,Communications Equipment,12329754624,39.79,29.13,34.46,37.0
K,K,Packaged Foods & Meats,27748188160,81.34,52.46,66.9,80.34
KVUE,KVUE,Personal Care Products,41738752000,24.46,17.67,21.065,21.61
KDP,KDP,Soft Drinks & Non-alcoholic Beverages,43908288512,38.28,28.62,33.45,32.4
KEY,KEY,Regional Banks,16941026304,20.04,12.94,16.49,16.81
KEYS,KEYS,Electronic Equipment & Instruments,28265295872,175.39,119.72,147.555,159.85
KMB,KMB,Household Products,43793252352,149.31,117.67,133.49,131.45
KIM,KIM,Retail REITs,15786977280,25.83,17.57,21.7,23.01
KMI,KMI,Oil & Gas Storage & Transportation,59651035136,28.81,16.47,22.64,26.24
KKR,KKR,Asset Management & Custody Banks,136186535936,163.68,78.95,121.315,143.53
KLAC,KLAC,Semiconductor Materials & Equipment,84184530944,896.32,542.41,719.365,622.18
KHC,KHC,Packaged Foods & Meats,36903870464,38.96,30.01,34.485,30.1
KR,KR,Food Retail,44755030016,63.59,44.48,54.035,60.96
LHX,LHX,Aerospace & Defense,40503603200,265.74,200.18,232.96,210.64
LH,LH,Health Care Services,19120779264,247.99,191.97,219.98000000000002,226.97
LRCX,LRCX,Semiconductor Materials & Equipment,92371476480,113.0,68.87,90.935,71.21
LW,LW,Packaged Foods & Meats,8856579072,111.875,52.99,82.4325,62.5
LVS,LVS,Casinos & Gaming,37882609664,56.61,36.62,46.614999999999995,51.28
LDOS,LDOS,Diversified Support Services,19322431488,202.9,106.38,154.64,143.2
LEN,LEN,Homebuilding,37306593280,193.8,135.21,164.505,138.4
LLY,LLY,Pharmaceuticals,690458853376,972.53,567.64,770.085,757.54
LIN,LIN,Industrial Gases,202038607872,487.49,396.07,441.78,419.59
LYV,LYV,Movies & Entertainment,30734235648,141.18,86.67,113.92500000000001,132.19
LKQ,LKQ,Distributors,9587324928,53.68,35.57,44.625,36.0
LMT,LMT,Aerospace & Defense,115914858496,618.95,413.92,516.4350000000001,479.66
L,L,Multi-line Insurance,18017040384,87.45,68.49,77.97,81.66
LOW,LOW,Home Improvement Retail,139875090432,287.01,209.55,248.28,244.52
LULU,LULU,"Apparel, Accessories & Luxury Goods",46207287296,516.39,226.01,371.2,373.54
LYB,LYB,Specialty Chemicals,23869638656,107.02,72.935,89.97749999999999,72.97
MTB,MTB,Regional Banks,31438708736,225.7,128.31,177.005,185.42
MPC,MPC,Oil & Gas Refining & Marketing,42866864128,221.11,130.54,175.825,131.65
MKTX,MKTX,Financial Exchanges & Data,8677667840,297.97,192.42,245.195,228.51
MAR,MAR,"Hotels, Resorts & Cruise Lines",78910488576,295.45,204.55,250.0,279.02
MMC,MMC,Insurance Brokers,103990173696,235.5,186.63,211.065,210.35
MLM,MLM,Construction Materials,32618119168,633.23,479.67,556.45,525.77
MAS,MAS,Building Products,16049567744,86.7,63.6,75.15,72.69
MA,MA,Transaction & Payment Processing Services,484642324480,537.13,416.53,476.83,523.28
MTCH,MTCH,Interactive Media & Services,8476832256,42.425,27.655,35.04,31.64
MKC,MKC,Packaged Foods & Meats,21156954112,85.49,63.88,74.685,78.24
MCD,MCD,Restaurants,209740349440,317.9,243.53,280.715,290.23
MCK,MCK,Health Care Distributors,73592193024,637.51,451.54,544.525,579.22
MDT,MDT,Health Care Equipment,103903961088,92.68,75.96,84.32,79.99
MRK,MRK,Pharmaceuticals,248031199232,134.63,94.48,114.555,99.52
META,META,Interactive Media & Services,1477457739776,638.4,340.01,489.205,595.57
MET,MET,Life & Health Insurance,56335290368,89.05,64.61,76.83,80.11
MTD,MTD,Life Sciences Tools & Services,25971937280,1546.93,1115.64,1331.285,1206.02
MGM,MGM,Casinos & Gaming,10170798080,48.25,33.28,40.765,33.44
MCHP,MCHP,Semiconductors,29809422336,100.57,55.27,77.92,55.99
MU,MU,Semiconductors,100408999936,157.54,79.15,118.345,87.09
MSFT,MSFT,Systems Software,3246068596736,468.35,366.5,417.425,437.03
MAA,MAA,Multi-Family Residential REITs,18401249280,167.39,121.51,144.45,149.43
MRNA,MRNA,Biotechnology,15157980160,170.47,35.8,103.13499999999999,39.56
MHK,MHK,Home Furnishings,7521534464,164.29,96.28,130.285,116.82
MOH,MOH,Managed Health Care,16858556416,423.92,272.69,348.305,293.52
TAP,TAP,Brewers,12231042048,69.18,49.19,59.185,58.65
MDLZ,MDLZ,Packaged Foods & Meats,79415713792,77.2,59.1,68.15,59.27
MPWR,MPWR,Semiconductors,28937269248,959.64,546.71,753.175,589.15
MNST,MNST,Soft Drinks & Non-alcoholic Beverages,50298736640,61.23,43.32,52.275,50.9
MCO,MCO,Financial Exchanges & Data,84517085184,503.95,360.05,432.0,462.09
MS,MS,Investment Banking & Brokerage,198866780160,136.24,83.09,109.665,120.5
MOS,MOS,Fertilizers & Agricultural Chemicals,7645714944,37.3,23.7,30.5,23.88
MSI,MSI,Communications Equipment,78536843264,507.82,307.31,407.565,463.81
MSCI,MSCI,Financial Exchanges & Data,47398957056,642.45,439.95,541.2,600.58
NDAQ,NDAQ,Financial Exchanges & Data,44658696192,83.77,54.9,69.335,77.38
NTAP,NTAP,"Technology Hardware, Storage & Peripherals",24081594368,135.45,83.62,109.535,116.58
NFLX,NFLX,Movies & Entertainment,388580671488,941.75,461.86,701.8050000000001,902.04
NEM,NEM,Gold,43579867136,58.72,29.42,44.07,37.02
NWSA,NWSA,Publishing,16357357568,30.04,22.65,26.345,27.61
NWS,NWS,Publishing,16374949888,32.87,23.99,28.43,30.46
NEE,NEE,Multi-Utilities,147382190080,86.1,53.95,70.025,69.77
NKE,NKE,"Apparel, Accessories & Luxury Goods",114525192192,109.96,70.75,90.35499999999999,77.1
NI,NI,Multi-Utilities,16883395584,38.56,24.8,31.68,35.87
NDSN,NDSN,Industrial Machinery & Supplies & Components,11957965824,279.38,207.15,243.265,208.94
NSC,NSC,Rail Transportation,52974096384,277.6,206.71,242.15500000000003,230.6
NTRS,NTRS,Asset Management & Custody Banks,20313380864,111.87,76.67,94.27000000000001,100.51
NOC,NOC,Aerospace & Defense,68409634816,555.57,418.6,487.08500000000004,467.13
NCLH,NCLH,"Hotels, Resorts & Cruise Lines",11832542208,28.64,14.69,21.665,25.41
NRG,NRG,Independent Power Producers & Energy Traders,18322094080,103.14,50.0,76.57,89.25
NUE,NUE,Steel,27374499840,203.0,113.9375,158.46875,115.78
NVDA,NVDA,Semiconductors,3298803056640,152.89,47.32,100.10499999999999,130.68
NVR,NVR,Homebuilding,25359060992,9964.77,6800.0,8382.385,8101.21
NXPI,NXPI,Semiconductors,53433757696,296.08,201.58,248.82999999999998,207.27
ORLY,ORLY,Automotive Retail,70380068864,1283.96,914.5,1099.23,1214.39
OXY,OXY,Oil & Gas Exploration & Production,44224106496,71.19,45.17,58.18,45.36
ODFL,ODFL,Cargo Ground Transportation,38722129920,233.26,165.49,199.375,187.74
OMC,OMC,Advertising,17453082624,107.0,84.43,95.715,87.19
ON,ON,Semiconductors,27889702912,86.1,59.34,72.72,64.8
OKE,OKE,Oil & Gas Storage & Transportation,58471841792,118.07,67.05,92.56,97.66
ORCL,ORCL,Application Software,474532249600,198.31,101.74,150.025,168.79
OTIS,OTIS,Industrial Machinery & Supplies & Components,37373571072,106.33,85.42,95.875,92.87
PCAR,PCAR,Construction Machinery & Heavy Transportation Equipment,55219380224,125.5,90.04,107.77000000000001,104.51
PKG,PKG,Paper & Plastic Packaging Products & Materials,20473718784,250.82,159.57,205.195,226.21
PLTR,PLTR,Internet Services & Infrastructure,183494524928,80.91,15.664,48.287,74.21
PANW,PANW,Systems Software,122565033984,207.24,130.045,168.64249999999998,189.36
PARA,PARA,Movies & Entertainment,7596251648,15.7,9.54,12.62,10.58
PH,PH,Industrial Machinery & Supplies & Components,83307585536,712.42,440.0,576.21,639.27
PAYX,PAYX,Human Resource & Employment Services,50243190784,150.71,114.72,132.715,137.81
PAYC,PAYC,Human Resource & Employment Services,11949295616,242.74,139.5,191.12,206.99
PYPL,PYPL,Transaction & Payment Processing Services,87351312384,93.66,55.77,74.715,86.78
PNR,PNR,Industrial Machinery & Supplies & Components,16845300736,110.71,68.08,89.395,100.98
PEP,PEP,Soft Drinks & Non-alcoholic Beverages,209626349568,183.41,150.51,166.95999999999998,151.47
PFE,PFE,Pharmaceuticals,149381857280,31.54,24.48,28.009999999999998,25.77
PCG,PCG,Multi-Utilities,43475365888,21.72,15.94,18.83,19.42
PM,PM,Tobacco,193140981760,134.15,87.82,110.985,122.17
PSX,PSX,Oil & Gas Refining & Marketing,45581594624,174.08,109.39,141.735,110.35
PNW,PNW,Multi-Utilities,9659952128,95.42,65.2,80.31,84.6
PNC,PNC,Diversified Banks,76483887104,216.26,139.69,177.975,190.03
POOL,POOL,Distributors,13282891776,422.73,293.51,358.12,340.94
PPG,PPG,Specialty Chemicals,27888719872,150.82,118.07,134.445,119.52
PPL,PPL,Electric Utilities,23932366848,35.15,25.35,30.25,32.02
PFG,PFG,Life & Health Insurance,17680521216,91.98,72.21,82.095,75.18
PG,PG,Personal Care Products,395788025856,180.43,144.97,162.7,169.19
PGR,PGR,Property & Casualty Insurance,140577062912,270.62,156.06,213.34,239.71
PLD,PLD,Industrial REITs,95692398592,135.76,100.82,118.28999999999999,101.4
PRU,PRU,Life & Health Insurance,41939349504,130.55,100.6,115.575,115.47
PEG,PEG,Electric Utilities,42379018240,95.22,56.85,76.035,83.19
PTC,PTC,Application Software,22533797888,203.09,163.3,183.195,187.13
PSA,PSA,Self-Storage REITs,52116942848,369.99,256.31,313.15,289.33
PHM,PHM,Homebuilding,22665662464,149.47,99.03,124.25,108.89
QRVO,QRVO,Semiconductors,6697217024,130.99,64.54,97.76500000000001,68.8
PWR,PWR,Construction & Engineering,48477257728,350.19,187.27,268.73,322.59
QCOM,QCOM,Semiconductors,169860792320,230.63,134.94,182.785,150.4
DGX,DGX,Health Care Services,17088257024,165.32,123.04,144.18,151.52
RL,RL,"Apparel, Accessories & Luxury Goods",14299996160,237.16,134.9,186.03,222.46
RJF,RJF,Investment Banking & Brokerage,31637176320,171.38,104.24,137.81,150.86
RTX,RTX,Aerospace & Defense,155037220864,128.7,83.08,105.88999999999999,115.46
O,O,Retail REITs,46202388480,64.88,50.65,57.765,51.76
REG,REG,Retail REITs,13476028416,76.53,56.51,66.52,72.42
REGN,REGN,Biotechnology,77126295552,1211.2,693.0,952.1,708.25
RF,RF,Regional Banks,21603698688,27.96,17.42,22.69,23.17
RSG,RSG,Environmental & Facilities Services,63798456320,220.58,161.94,191.26,203.95
RMD,RMD,Health Care Equipment,34830286848,260.49,164.12,212.305,231.58
RVTY,RVTY,Health Care Equipment,13698777088,129.5,97.32,113.41,110.54
ROK,ROK,Electrical Components & Equipment,32755834880,312.76,242.81,277.78499999999997,286.0
ROL,ROL,Environmental & Facilities Services,22723590144,52.16,40.41,46.285,47.01
ROP,ROP,Electronic Equipment & Instruments,56338120704,580.09,508.22,544.155,521.75
ROST,ROST,Apparel Retail,49208905728,163.6,127.53,145.565,147.79
RCL,RCL,"Hotels, Resorts & Cruise Lines",64107868160,258.7,113.1,185.89999999999998,230.76
SPGI,SPGI,Financial Exchanges & Data,152608636928,533.29,407.69,470.49,486.56
CRM,CRM,Application Software,328873050112,369.0,212.0,290.5,336.23
SBAC,SBAC,Telecom Tower REITs,21888458752,256.68,183.64,220.16,198.24
SLB,SLB,Oil & Gas Equipment & Services,52009488384,55.69,36.52,46.105000000000004,36.91
STX,STX,"Technology Hardware, Storage & Peripherals",18468683776,115.32,79.39,97.35499999999999,87.54
SRE,SRE,Multi-Utilities,54985363456,95.77,66.4,81.08500000000001,85.9
NOW,NOW,Systems Software,225143422976,1157.9,637.99,897.945,1074.87
SHW,SHW,Specialty Chemicals,87007649792,400.42,282.09,341.255,342.38
SPG,SPG,Retail REITs,64434921472,186.0,135.15,160.575,169.26
SWKS,SWKS,Semiconductors,14192988160,120.86,82.13,101.495,88.26
SJM,SJM,Packaged Foods & Meats,11694054400,134.62,105.69,120.155,108.97
SW,SW,Paper & Plastic Packaging Products & Materials,27713910784,56.986,38.55,47.768,51.18
SNA,SNA,Industrial Machinery & Supplies & Components,18038120448,373.9,252.98,313.44,337.67
SOLV,SOLV,Health Care Technology,11545350144,77.17,47.16,62.165,66.8
SO,SO,Electric Utilities,90788044800,94.45,65.8,80.125,81.78
LUV,LUV,Passenger Airlines,19959246848,36.12,23.58,29.849999999999998,32.78
SWK,SWK,Industrial Machinery & Supplies & Components,12641447936,110.88,77.7,94.28999999999999,79.43
SBUX,SBUX,Restaurants,99740385280,103.32,71.55,87.435,88.76
STT,STT,Asset Management & Custody Banks,28787427328,101.91,70.2,86.055,95.42
STLD,STLD,Steel,17613223936,155.56,104.6,130.07999999999998,115.29
STE,STE,Health Care Equipment,20480778240,248.24,197.82,223.03,204.34
SYK,SYK,Health Care Equipment,138991353856,398.2,292.43,345.315,357.14
SMCI,SMCI,"Technology Hardware, Storage & Peripherals",18497998848,122.9,17.25,70.075,31.24
SYF,SYF,Consumer Finance,25482563584,69.386,35.29,52.337999999999994,64.27
SNPS,SNPS,Application Software,76080201728,629.38,457.52,543.45,493.35
SYY,SYY,Food Distributors,37809664000,82.89,69.03,75.96000000000001,76.55
TMUS,TMUS,Wireless Telecommunication Services,255667552256,248.15,153.84,200.995,218.0
TROW,TROW,Asset Management & Custody Banks,25797103616,125.81,100.49,113.15,112.97
TTWO,TTWO,Interactive Home Entertainment,31958847488,191.91,135.24,163.575,181.38
TPR,TPR,"Apparel, Accessories & Luxury Goods",14949259264,65.3,35.23,50.265,62.66
TRGP,TRGP,Oil & Gas Storage & Transportation,38551359488,209.87,81.03,145.45,172.53
TGT,TGT,Consumer Staples Merchandise Retail,60245712896,181.86,120.21,151.035,130.43
TEL,TEL,Electronic Manufacturing Services,42980601856,159.98,128.52,144.25,143.89
TDY,TDY,Electronic Equipment & Instruments,21774923776,492.0,355.41,423.70500000000004,464.95
TFX,TFX,Health Care Equipment,8274409984,256.85,171.69,214.27,174.79
TER,TER,Semiconductor Materials & Equipment,20512342016,163.21,92.29,127.75,125.19
TSLA,TSLA,Automobile Manufacturers,1351627833344,488.54,138.8,313.67,436.17
TXN,TXN,Semiconductors,170465984512,220.39,155.46,187.925,184.47
TPL,TPL,Oil & Gas Exploration & Production,26033317888,1769.14,467.61667,1118.378335,1096.33
TXT,TXT,Aerospace & Defense,14256596992,97.34,75.36,86.35,75.82
TMO,TMO,Life Sciences Tools & Services,200449114112,627.88,493.3,560.59,516.69
TJX,TJX,Apparel Retail,137147523072,128.0,91.31,109.655,121.2
TSCO,TSCO,Other Specialty Retail,28803792896,61.528,41.8,51.664,52.806
TT,TT,Building Products,84858798080,422.0,233.76,327.88,376.9
TDG,TDG,Aerospace & Defense,71758430208,1451.32,972.08,1211.7,1260.12
TRV,TRV,Property & Casualty Insurance,54657093632,269.56,185.27,227.41500000000002,237.71
TRMB,TRMB,Electronic Equipment & Instruments,17495060480,76.97,48.6,62.785,70.74
TFC,TFC,Diversified Banks,57508167680,49.06,34.23,41.644999999999996,42.55
TYL,TYL,Application Software,25911128064,638.56,397.8,518.18,593.6
TSN,TSN,Packaged Foods & Meats,20665157632,66.88,51.16,59.019999999999996,58.2
USB,USB,Diversified Banks,74756628480,53.98,37.81,45.894999999999996,47.41
UBER,UBER,Passenger Ground Transportation,127879766016,87.0,54.84,70.92,60.21
UDR,UDR,Multi-Family Residential REITs,16326182912,47.55,34.19,40.87,42.42
ULTA,ULTA,Other Specialty Retail,19940638720,574.76,318.17,446.46500000000003,425.52
UNP,UNP,Rail Transportation,137208094720,258.66,218.55,238.60500000000002,223.15
UAL,UAL,Passenger Airlines,32032522240,105.09,37.02,71.055,95.56
UPS,UPS,Air Freight & Logistics,107251539968,161.48,122.01,141.745,122.65
URI,URI,Trading Companies & Distributors,47421370368,896.98,533.7,715.34,710.94
UNH,UNH,Managed Health Care,460261654528,630.73,436.38,533.5550000000001,489.25
UHS,UHS,Health Care Facilities,11881064448,243.25,150.11,196.68,175.8
VLO,VLO,Oil & Gas Refining & Marketing,37543813120,184.79,117.14,150.965,118.93
VTR,VTR,Health Care REITs,24650465280,67.61,41.45,54.53,57.73
VLTO,VLTO,Environmental & Facilities Services,25781858304,115.0,73.91,94.455,101.33
VRSN,VRSN,Internet Services & Infrastructure,19108524032,208.04,167.05,187.54500000000002,193.44
VRSK,VRSK,Research & Consulting Services,39095676928,296.58,217.34,256.96,275.58
VZ,VZ,Integrated Telecommunication Services,168090517504,45.36,37.15,41.254999999999995,39.97
VRTX,VRTX,Biotechnology,102308536320,519.88,377.85,448.865,396.64
VTRS,VTRS,Pharmaceuticals,14943747072,13.62,9.93,11.774999999999999,12.13
VICI,VICI,Hotel & Resort REITs,30349555712,34.29,27.075,30.682499999999997,28.27
V,V,Transaction & Payment Processing Services,615235846144,321.62,252.7,287.15999999999997,314.88
VST,VST,Electric Utilities,47614623744,168.67,37.77,103.22,136.9785
VMC,VMC,Construction Materials,34749210624,298.31,218.37,258.34000000000003,260.92
WRB,WRB,Property & Casualty Insurance,22319210496,65.49,46.48,55.985,58.03
GWW,GWW,Industrial Machinery & Supplies & Components,53227368448,1227.66,800.97,1014.315,1081.55
WAB,WAB,Construction Machinery & Heavy Transportation Equipment,33179926528,207.51,123.76,165.635,189.56
WBA,WBA,Drug Retail,8246310400,27.05,8.08,17.565,9.35
WMT,WMT,Consumer Staples Merchandise Retail,740999888896,96.18,51.86667,74.023335,93.4
DIS,DIS,Movies & Entertainment,202879614976,123.74,83.91,103.82499999999999,111.37
WBD,WBD,Broadcasting,26224386048,12.7,6.64,9.67,10.49
WM,WM,Environmental & Facilities Services,82613166080,230.39,175.75,203.07,205.53
WAT,WAT,Life Sciences Tools & Services,21859942400,397.02,279.24,338.13,360.63
WEC,WEC,Electric Utilities,29895450624,102.79,75.13,88.96000000000001,93.26
WFC,WFC,Diversified Banks,234196303872,78.13,46.12,62.125,68.85
WELL,WELL,Health Care REITs,77612081152,140.75,85.4,113.075,123.78
WST,WST,Health Care Supplies,24000782336,413.7,265.0,339.35,327.01
WDC,WDC,"Technology Hardware, Storage & Peripherals",20825450496,81.55,48.96,65.255,59.62
WY,WY,Timber REITs,19981004800,36.27,26.73,31.5,27.21
WMB,WMB,Oil & Gas Storage & Transportation,65204850688,60.36,32.65,46.504999999999995,52.57
WTW,WTW,Insurance Brokers,31987238912,334.99,237.08,286.035,311.0
WYNN,WYNN,Casinos & Gaming,9768043520,110.38,71.63,91.005,88.31
XEL,XEL,Multi-Utilities,38703910912,73.38,46.79,60.084999999999994,66.65
XYL,XYL,Industrial Machinery & Supplies & Components,28458575872,146.08,109.39,127.73500000000001,116.43
YUM,YUM,Restaurants,36937969664,143.2,124.76,133.98,130.36
ZBRA,ZBRA,Electronic Equipment & Instruments,20273004544,413.44,233.95,323.695,385.37
ZBH,ZBH,Health Care Equipment,21324808192,133.9,101.47,117.685,105.81
ZTS,ZTS,Pharmaceuticals,74370031616,200.53,144.8,172.66500000000002,163.52
