Symbol,Company Name,Sector,Sub Industry,Market Cap,52-Week High,52-Week Low,Average Price,Previous Close
MMM,3M,Industrial Conglomerates,"Saint Paul, Minnesota",74036436992,135.32,71.36288,103.34144,133.84
AOS,A. O. Smith,Building Products,"Milwaukee, Wisconsin",12293331968,92.45,64.14,78.295,84.29
ABT,Abbott Laboratories,Health Care Equipment,"North Chicago, Illinois",198608879616,121.64,89.67,105.655,114.15
ABBV,AbbVie,Biotechnology,"North Chicago, Illinois",341998862336,199.95,135.85,167.89999999999998,193.62
ACN,Accenture,IT Consulting & Other Services,"Dublin, Ireland",210602835968,387.51,278.69,333.1,335.24
ADBE,Adobe Inc.,Application Software,"San Jose, California",233508306944,638.25,433.97,536.11,526.44
AMD,Advanced Micro Devices,Semiconductors,"Santa Clara, California",253705699328,227.3,93.12,160.21,156.74
AES,AES Corporation,Independent Power Producers & Energy Traders,"Arlington, Virginia",13436464128,22.21,11.43,16.82,18.9
AFL,Aflac,Life & Health Insurance,"Columbus, Georgia",60438003712,111.14,74.89,93.015,107.87
A,Agilent Technologies,Life Sciences Tools & Services,"Santa Clara, California",40786223104,155.35,96.8,126.07499999999999,141.95
APD,Air Products,Industrial Gases,"Upper Macungie Township, Pennsylvania",64021987328,296.0,212.24,254.12,287.72
ABNB,Airbnb,"Hotels, Resorts & Cruise Lines","San Francisco, California",81430896640,170.1,110.38,140.24,128.75
AKAM,Akamai Technologies,Internet Services & Infrastructure,"Cambridge, Massachusetts",15079109632,129.17,87.59,108.38,99.44
ALB,Albemarle Corporation,Specialty Chemicals,"Charlotte, North Carolina",10499272704,177.52,71.97,124.745,89.33
ARE,Alexandria Real Estate Equities,Office REITs,"Pasadena, California",21379405824,135.45,90.73,113.09,122.22
ALGN,Align Technology,Health Care Supplies,"Tempe, Arizona",19223300096,335.4,176.34,255.87,257.17
ALLE,Allegion,Building Products,"Dublin, Ireland",12524661760,146.41,95.94,121.175,143.27
LNT,Alliant Energy,Electric Utilities,"Madison, Wisconsin",15325824000,60.67,45.15,52.91,59.75
ALL,Allstate,Property & Casualty Insurance,"Northbrook, Illinois",50431827968,193.16,109.01,151.085,190.68
GOOGL,Alphabet Inc. (Class A),Interactive Media & Services,"Mountain View, California",2002701385728,191.75,120.21,155.98,162.14
GOOG,Alphabet Inc. (Class C),Interactive Media & Services,"Mountain View, California",2002088361984,193.31,121.46,157.385,163.24
MO,Altria,Tobacco,"Richmond, Virginia",85976424448,54.95,39.07,47.010000000000005,50.23
AMZN,Amazon,Broadline Retail,"Seattle, Washington",2010956955648,201.2,118.35,159.77499999999998,189.87
AMCR,Amcor,Paper & Plastic Packaging Products & Materials,"Warmley, Bristol, United Kingdom",15754206208,11.45,8.45,9.95,11.11
AEE,Ameren,Multi-Utilities,"St. Louis, Missouri",22844870656,85.84,67.03,76.435,83.62
AAL,American Airlines Group,Passenger Airlines,"Fort Worth, Texas",7305938944,16.15,9.07,12.61,11.11
AEP,American Electric Power,Electric Utilities,"Columbus, Ohio",54356058112,105.18,69.38,87.28,101.74
AXP,American Express,Consumer Finance,"New York City, New York",191228215296,271.49,140.91,206.2,268.75
AIG,American International Group,Multi-line Insurance,"New York City, New York",47581544448,80.83,57.72,69.275,73.89
AMT,American Tower,Telecom Tower REITs,"Boston, Massachusetts",109792288768,243.56,154.58,199.07,232.31
AWK,American Water Works,Water Utilities,"Camden, New Jersey",29050245120,150.68,113.34,132.01,149.08
AMP,Ameriprise Financial,Asset Management & Custody Banks,"Minneapolis, Minnesota",45534015488,465.82,306.63,386.225,463.74
AME,Ametek,Electrical Components & Equipment,"Berwyn, Pennsylvania",39882043392,186.33,136.89,161.61,172.25
AMGN,Amgen,Biotechnology,"Thousand Oaks, California",181284061184,346.85,249.7,298.275,335.95
APH,Amphenol,Electronic Components,"Wallingford, Connecticut",79374761984,70.84,39.34,55.09,65.29
ADI,Analog Devices,Semiconductors,"Wilmington, Massachusetts",115936288768,244.14,154.99,199.565,233.45
ANSS,Ansys,Application Software,"Canonsburg, Pennsylvania",28170727424,364.31,258.01,311.15999999999997,322.29
AON,Aon,Insurance Brokers,"London, UK",75389493248,353.54,268.06,310.8,346.97
APA,APA Corporation,Oil & Gas Exploration & Production,"Houston, Texas",9384527872,43.58,22.72,33.15,25.36
AAPL,Apple Inc.,"Technology Hardware, Storage & Peripherals","Cupertino, California",3480232394752,237.23,164.08,200.655,228.87
AMAT,Applied Materials,Semiconductor Materials & Equipment,"Santa Clara, California",162219180032,255.89,129.21,192.55,196.71
APTV,Aptiv,Automotive Parts & Equipment,"Dublin, Ireland",16569399296,100.88,63.62,82.25,70.52
ACGL,Arch Capital Group,Property & Casualty Insurance,"Hamilton, Bermuda",42584805376,114.69,72.85,93.77,111.42
ADM,Archer Daniels Midland,Agricultural Products & Services,"Chicago, Illinois",29859985408,77.35,50.72,64.035,62.45
ANET,Arista Networks,Communications Equipment,"Santa Clara, California",120779259904,385.5,168.25,276.875,379.32
AJG,Arthur J. Gallagher & Co.,Insurance Brokers,"Rolling Meadows, Illinois",61829984256,301.04,218.63,259.83500000000004,282.2
AIZ,Assurant,Multi-line Insurance,"Atlanta, Georgia",10061884416,199.5,141.83,170.66500000000002,194.02
T,AT&T,Integrated Telecommunication Services,"Dallas, Texas",154446970880,22.34,14.12,18.23,21.36
ATO,Atmos Energy,Gas Utilities,"Dallas, Texas",21198616576,138.78,101.0,119.89,136.25
ADSK,Autodesk,Application Software,"San Francisco, California",58126757888,279.53,192.01,235.76999999999998,269.76
ADP,Automatic Data Processing,Human Resource & Employment Services,"Roseland, New Jersey",113249329152,281.54,205.53,243.53500000000003,277.69
AZO,AutoZone,Automotive Retail,"Memphis, Tennessee",51933298688,3256.37,2375.35,2815.8599999999997,3040.09
AVB,AvalonBay Communities,Multi-Family Residential REITs,"Arlington, Virginia",32788150272,236.26,160.45,198.355,230.55
AVY,Avery Dennison,Paper & Plastic Packaging Products & Materials,"Mentor, Ohio",17373595648,233.48,165.21,199.345,215.77
AXON,Axon Enterprise,Aerospace & Defense,"Scottsdale, Arizona",29722617856,393.58,189.12,291.35,389.74
BKR,Baker Hughes,Oil & Gas Equipment & Services,"Houston, Texas",36370485248,39.05,28.32,33.685,36.36
BALL,Ball Corporation,"Metal, Glass & Plastic Containers","Broomfield, Colorado",20372287488,71.32,42.81,57.065,67.11
BAC,Bank of America,Diversified Banks,"Charlotte, North Carolina",317133881344,44.44,24.96,34.7,40.87
BK,BNY Mellon,Asset Management & Custody Banks,"New York City, New York",53000142848,71.96,39.66,55.809999999999995,71.72
BBWI,"Bath & Body Works, Inc.",Other Specialty Retail,"Columbus, Ohio",6555821056,52.99,26.21,39.6,29.92
BAX,Baxter International,Health Care Equipment,"Deerfield, Illinois",19774470144,44.01,31.01,37.51,38.76
BDX,Becton Dickinson,Health Care Equipment,"Franklin Lakes, New Jersey",67817971712,269.52,218.75,244.135,234.63
BRK.B,Berkshire Hathaway,Multi-Sector Holdings,"Omaha, Nebraska",N/A,N/A,N/A,N/A,N/A
BBY,Best Buy,Computer & Electronics Retail,"Richfield, Minnesota",21141829632,103.71,62.3,83.005,98.46
BIO,Bio-Rad Laboratories,Life Sciences Tools & Services,"Hercules, California",9513561088,366.3,261.59,313.945,344.6
TECH,Bio-Techne,Life Sciences Tools & Services,"Minneapolis, Minnesota",12748649472,85.57,51.79,68.67999999999999,80.36
BIIB,Biogen,Biotechnology,"Cambridge, Massachusetts",29342003200,269.43,189.44,229.435,201.44
BLK,BlackRock,Asset Management & Custody Banks,"New York City, New York",138480730112,942.73,596.18,769.4549999999999,934.87
BX,Blackstone Inc.,Asset Management & Custody Banks,"New York City, New York",195009380352,161.25,88.59,124.92,159.66
BA,Boeing,Aerospace & Defense,"Arlington, Virginia",95261917184,267.54,152.6,210.07,154.59
BKNG,Booking Holdings,"Hotels, Resorts & Cruise Lines","Norwalk, Connecticut",136243494912,4144.32,2733.04,3438.68,4017.51
BWA,BorgWarner,Automotive Parts & Equipment,"Auburn Hills, Michigan",7769207808,41.5,29.51,35.505,34.11
BSX,Boston Scientific,Health Care Equipment,"Marlborough, Massachusetts",123583111168,84.89,48.35,66.62,83.71
BMY,Bristol Myers Squibb,Pharmaceuticals,"New York City, New York",100173832192,59.28,39.35,49.315,49.02
AVGO,Broadcom,Semiconductors,"Palo Alto, California",799136284672,185.162,80.438,132.8,167.42
BR,Broadridge Financial Solutions,Data Processing & Outsourced Services,"Lake Success, New York",24390891520,223.81,166.73,195.26999999999998,208.99
BRO,Brown & Brown,Insurance Brokers,"Daytona Beach, Florida",28939769856,106.02,66.73,86.375,101.45
BF.B,Brown–Forman,Distillers & Vintners,"Louisville, Kentucky",N/A,N/A,N/A,N/A,N/A
BLDR,Builders FirstSource,Building Products,"Irving, Texas",23503970304,214.7,105.24,159.97,201.83
BG,Bunge Global,Agricultural Products & Services,"Chesterfield, Missouri",14216134656,114.92,86.1,100.50999999999999,100.36
BXP,"BXP, Inc.",Office REITs,"Boston, Massachusetts",14574605312,83.85,50.64,67.245,82.31
CHRW,C.H. Robinson,Air Freight & Logistics,"Eden Prairie, Minnesota",12220888064,105.41,65.0,85.205,103.64
CDNS,Cadence Design Systems,Application Software,"San Jose, California",76773801984,328.99,227.05,278.02,280.35
CZR,Caesars Entertainment,Casinos & Gaming,"Reno, Nevada",8995313664,50.506,31.74,41.123,41.58
CPT,Camden Property Trust,Multi-Family Residential REITs,"Houston, Texas",13506402304,127.38,82.81,105.095,126.66
CPB,Campbell Soup Company,Packaged Foods & Meats,"Camden, New Jersey",15266007040,52.81,37.94,45.375,50.84
COF,Capital One,Consumer Finance,"Tysons Corner, Virginia",58443083776,153.36,88.23,120.79500000000002,153.05
CAH,Cardinal Health,Health Care Distributors,"Dublin, Ohio",27061028864,116.05,85.82,100.935,110.76
KMX,CarMax,Automotive Retail,"Richmond, Virginia",12078971904,88.22,59.66,73.94,77.39
CCL,Carnival,"Hotels, Resorts & Cruise Lines","Miami, Florida",24578021376,19.74,10.84,15.29,18.76
CARR,Carrier Global,Building Products,"Palm Beach Gardens, Florida",72147935232,81.24,45.68,63.459999999999994,80.57
CTLT,Catalent,Pharmaceuticals,"Somerset, New Jersey",10907759616,61.2,31.8,46.5,60.11
CAT,Caterpillar Inc.,Construction Machinery & Heavy Transportation Equipment,"Irving, Texas",181017231360,382.01,223.76,302.885,373.31
CBOE,Cboe Global Markets,Financial Exchanges & Data,"Chicago, Illinois",21785845760,216.14,154.22,185.18,206.94
CBRE,CBRE Group,Real Estate Services,"Dallas, Texas",37534756864,122.59,64.63,93.61,122.49
CDW,CDW,Technology Distributors,"Vernon Hills, Illinois",30437806080,263.37,185.04,224.20499999999998,227.87
CE,Celanese,Specialty Chemicals,"Irving, Texas",14214196224,172.16,110.76,141.46,130.09
COR,Cencora,Health Care Distributors,"Conshohocken, Pennsylvania",44711383040,247.66,178.21,212.935,226.56
CNC,Centene Corporation,Managed Health Care,"St. Louis, Missouri",39783636992,81.42,63.45,72.435,75.63
CNP,CenterPoint Energy,Multi-Utilities,"Houston, Texas",18417631232,31.57,25.41,28.490000000000002,28.26
CF,CF Industries,Fertilizers & Agricultural Chemicals,"Deerfield, Illinois",14997633024,87.9,69.13,78.515,83.13
CRL,Charles River Laboratories,Life Sciences Tools & Services,"Wilmington, Massachusetts",10822824960,275.0,161.65,218.325,209.62
SCHW,Charles Schwab Corporation,Investment Banking & Brokerage,"Westlake, Texas",118467715072,79.49,48.66,64.07499999999999,64.76
CHTR,Charter Communications,Cable & Satellite,"Stamford, Connecticut",47294447616,458.3,236.08,347.19,331.34
CVX,Chevron Corporation,Integrated Oil & Gas,"San Ramon, California",264372764672,171.7,135.37,153.535,144.99
CMG,Chipotle Mexican Grill,Restaurants,"Newport Beach, California",79388311552,69.2614,35.3728,52.317099999999996,57.97
CB,Chubb Limited,Property & Casualty Insurance,"Zurich, Switzerland",117407465472,294.18,204.15,249.16500000000002,290.58
CHD,Church & Dwight,Household Products,"Ewing, New Jersey",25313871872,110.31,82.25,96.28,101.58
CI,Cigna,Health Care Services,"Bloomfield, Connecticut",99871629312,370.83,253.95,312.39,357.26
CINF,Cincinnati Financial,Property & Casualty Insurance,"Fairfield, Ohio",21212708864,139.34,96.86,118.1,135.77
CTAS,Cintas,Diversified Support Services,"Mason, Ohio",82329149440,209.12,118.685,163.9025,203.74
CSCO,Cisco,Communications Equipment,"San Jose, California",207398240256,54.59,44.5,49.545,51.44
C,Citigroup,Diversified Banks,"New York City, New York",120229093376,67.81,38.17,52.99,63.02
CFG,Citizens Financial Group,Regional Banks,"Providence, Rhode Island",18922762240,43.96,22.77,33.365,42.21
CLX,Clorox,Household Products,"Oakland, California",20230381568,169.09,114.69,141.89,162.04
CME,CME Group,Financial Exchanges & Data,"Chicago, Illinois",77327204352,223.8,190.7,207.25,214.76
CMS,CMS Energy,Multi-Utilities,"Jackson, Michigan",20863232000,70.74,49.87,60.30499999999999,69.23
KO,Coca-Cola Company (The),Soft Drinks & Non-alcoholic Beverages,"Atlanta, Georgia",308759101440,73.53,51.55,62.54,70.62
CTSH,Cognizant,IT Consulting & Other Services,"Teaneck, New Jersey",37491568640,80.27,62.14,71.205,75.2
CL,Colgate-Palmolive,Household Products,"New York City, New York",84208984064,109.3,67.62,88.46000000000001,102.01
CMCSA,Comcast,Cable & Satellite,"Philadelphia, Pennsylvania",155945680896,47.11,36.43,41.769999999999996,40.27
CAG,Conagra Brands,Packaged Foods & Meats,"Chicago, Illinois",15516434432,33.24,25.16,29.200000000000003,32.39
COP,ConocoPhillips,Oil & Gas Exploration & Production,"Houston, Texas",128376512512,135.18,101.3,118.24000000000001,110.55
ED,Consolidated Edison,Multi-Utilities,"New York City, New York",35774291968,105.99,80.46,93.225,102.12
STZ,Constellation Brands,Distillers & Vintners,"Rochester, New York",45212913664,274.87,227.5,251.185,248.45
CEG,Constellation Energy,Electric Utilities,"Baltimore, Maryland",79729434624,255.24,102.405,178.8225,208.5
COO,Cooper Companies (The),Health Care Supplies,"San Ramon, California",22128162816,112.38,75.935,94.1575,111.1
CPRT,Copart,Diversified Support Services,"Dallas, Texas",49847005184,58.58,42.41,50.495,51.8
GLW,Corning Inc.,Electronic Components,"Corning, New York",38078693376,46.39,25.26,35.825,44.43
CPAY,Corpay,Transaction & Payment Processing Services,"Atlanta, Georgia",21717227520,319.94,220.39,270.16499999999996,312.78
CTVA,Corteva,Fertilizers & Agricultural Chemicals,"Indianapolis, Indiana",40565686272,58.92,43.22,51.07,58.6
CSGP,CoStar Group,Real Estate Services,"Washington, D.C.",32498573312,100.38,67.35,83.865,79.29
COST,Costco,Consumer Staples Merchandise Retail,"Issaquah, Washington",402095964160,923.83,540.23,732.03,900.74
CTRA,Coterra,Oil & Gas Exploration & Production,"Houston, Texas",17491222528,29.89,22.3,26.095,23.57
CRWD,CrowdStrike,Systems Software,"Austin, Texas",69780193280,398.327,157.59,277.9585,277.38
CCI,Crown Castle,Telecom Tower REITs,"Houston, Texas",50118615040,120.92,84.72,102.82,115.17
CSX,CSX Corporation,Rail Transportation,"Jacksonville, Florida",67720187904,40.12,29.03,34.575,34.8
CMI,Cummins,Construction Machinery & Heavy Transportation Equipment,"Columbus, Indiana",42366971904,322.83,212.8,267.815,309.14
CVS,CVS Health,Health Care Services,"Woonsocket, Rhode Island",73466142720,83.25,52.77,68.01,58.4
DHR,Danaher Corporation,Life Sciences Tools & Services,"Washington, D.C.",199641219072,281.7,182.09,231.89499999999998,276.43
DRI,Darden Restaurants,Restaurants,"Orlando, Florida",20407808000,176.84,133.36,155.10000000000002,172.27
DVA,DaVita,Health Care Services,"Denver, Colorado",13759599616,166.04,71.51,118.775,163.14
DAY,Dayforce,Human Resource & Employment Services,"Minneapolis, Minnesota",9429075968,75.33,47.08,61.205,59.64
DECK,Deckers Brands,Footwear,"Goleta, California",23191166976,184.48167,80.67,132.575835,152.11
DE,Deere & Company,Agricultural & Farm Machinery,"Moline, Illinois",112101949440,417.47,340.2,378.83500000000004,409.73
DAL,Delta Air Lines,Passenger Airlines,"Atlanta, Georgia",30418620416,53.86,30.6,42.230000000000004,47.13
DVN,Devon Energy,Oil & Gas Exploration & Production,"Oklahoma City, Oklahoma",25655402496,55.09,39.02,47.05500000000001,40.97
DXCM,Dexcom,Health Care Equipment,"San Diego, California",28810166272,142.0,62.34,102.17,71.92
FANG,Diamondback Energy,Oil & Gas Exploration & Production,"Midland, Texas",53724786688,214.5,143.08,178.79000000000002,181.63
DLR,Digital Realty,Data Center REITs,"Austin, Texas",53052297216,162.58,113.94,138.26,158.9
DFS,Discover Financial,Consumer Finance,"Riverwoods, Illinois",36134182912,147.61,79.04,113.32500000000002,143.92
DG,Dollar General,Consumer Staples Merchandise Retail,"Goodlettsville, Tennessee",19022659584,168.07,77.96,123.01499999999999,86.5
DLTR,Dollar Tree,Consumer Staples Merchandise Retail,"Chesapeake, Virginia",15882600448,151.22,60.82,106.02,73.88
D,Dominion Energy,Multi-Utilities,"Richmond, Virginia",48599678976,58.94,39.18,49.06,57.48
DPZ,Domino's,Restaurants,"Ann Arbor, Michigan",14493593600,542.75,330.05,436.4,411.71
DOV,Dover Corporation,Industrial Machinery & Supplies & Components,"Downers Grove, Illinois",26279170048,192.31,127.25,159.78,191.18
DOW,Dow Inc.,Commodity Chemicals,"Midland, Michigan",37071724544,60.69,47.26,53.974999999999994,52.89
DHI,DR Horton,Homebuilding,"Arlington, Texas",64209846272,199.85,100.08,149.965,197.06
DTE,DTE Energy,Multi-Utilities,"Detroit, Michigan",25896130560,127.59,90.14,108.86500000000001,123.53
DUK,Duke Energy,Electric Utilities,"Charlotte, North Carolina",89861144576,118.31,83.06,100.685,115.14
DD,DuPont,Specialty Chemicals,"Wilmington, Delaware",34794033152,85.12,61.14,73.13,83.18
EMN,Eastman Chemical Company,Specialty Chemicals,"Kingsport, Tennessee",12651329536,108.81,68.89,88.85,108.26
ETN,Eaton Corporation,Electrical Components & Equipment,"Dublin, Ireland",131611860992,345.19,191.82,268.505,328.92
EBAY,eBay,Broadline Retail,"San Jose, California",30894931968,64.96,37.17,51.065,63.22
ECL,Ecolab,Specialty Chemicals,"Saint Paul, Minnesota",71544233984,253.58,156.72,205.15,251.21
EIX,Edison International,Electric Utilities,"Rosemead, California",32991100928,88.77,58.82,73.795,84.19
EW,Edwards Lifesciences,Health Care Equipment,"Irvine, California",40258392064,96.12,58.93,77.525,67.26
EA,Electronic Arts,Interactive Home Entertainment,"Redwood City, California",37183516672,153.51,117.47,135.49,140.74
ELV,Elevance Health,Managed Health Care,"Indianapolis, Indiana",125185974272,567.26,431.38,499.32,538.0
EMR,Emerson Electric,Electrical Components & Equipment,"Ferguson, Missouri",60580466688,119.53,83.1,101.315,105.91
ENPH,Enphase,Semiconductor Materials & Equipment,"Fremont, California",15891819520,141.63,73.49,107.56,117.36
ETR,Entergy,Electric Utilities,"New Orleans, Louisiana",27637657600,129.69,87.1,108.395,127.68
EOG,EOG Resources,Oil & Gas Exploration & Production,"Houston, Texas",71660658688,139.67,108.94,124.30499999999999,125.2
EPAM,EPAM Systems,IT Consulting & Other Services,"Newtown, Pennsylvania",11276614656,317.5,169.43,243.465,198.06
EQT,EQT Corporation,Oil & Gas Exploration & Production,"Pittsburgh, Pennsylvania",20690030592,45.23,30.02,37.625,34.73
EFX,Equifax,Research & Consulting Services,"Atlanta, Georgia",37391933440,309.63,159.95,234.79,302.19
EQIX,Equinix,Data Center REITs,"Redwood City, California",83285753856,914.93,677.8,796.365,870.99
EQR,Equity Residential,Multi-Family Residential REITs,"Chicago, Illinois",30115008512,78.83,52.57,65.7,77.06
ESS,Essex Property Trust,Multi-Family Residential REITs,"San Mateo, California",20768661504,317.73,203.85,260.79,312.42
EL,Estée Lauder Companies (The),Personal Care Products,"New York City, New York",31388667904,159.75,82.39,121.07,87.44
ETSY,Etsy,Broadline Retail,"New York City, New York",6205795840,89.58,50.63,70.105,54.07
EG,Everest Group,Reinsurance,"Hamilton, Bermuda",16803124224,417.92,343.76,380.84000000000003,388.3
EVRG,Evergy,Electric Utilities,"Kansas City, Missouri",14176911360,62.24,46.92,54.58,61.07
ES,Eversource,Electric Utilities,"Hartford, Connecticut",24016246784,69.01,52.03,60.52,67.2
EXC,Exelon,Electric Utilities,"Chicago, Illinois",40290136064,41.48,33.35,37.415,39.29
EXPE,Expedia Group,"Hotels, Resorts & Cruise Lines","Seattle, Washington",18555807744,160.05,92.48,126.26500000000001,142.54
EXPD,Expeditors International,Air Freight & Logistics,"Seattle, Washington",17732747264,131.17,107.03,119.1,125.65
EXR,Extra Space Storage,Self-Storage REITs,"Salt Lake City, Utah",39718887424,184.87,101.19,143.03,180.09
XOM,ExxonMobil,Integrated Oil & Gas,"Irving, Texas",515367567360,123.75,95.77,109.75999999999999,116.0
FFIV,"F5, Inc.",Communications Equipment,"Seattle, Washington",12778271744,221.12,145.45,183.285,217.47
FDS,FactSet,Financial Exchanges & Data,"Norwalk, Connecticut",17859028992,488.64,391.84,440.24,469.48
FICO,Fair Isaac,Application Software,"Bozeman, Montana",47434227712,1951.4,811.99,1381.6950000000002,1929.21
FAST,Fastenal,Trading Companies & Distributors,"Winona, Minnesota",40869728256,79.04,53.94,66.49000000000001,71.38
FRT,Federal Realty,Retail REITs,"Rockville, Maryland",9628618752,118.34,85.59,101.965,114.22
FDX,FedEx,Air Freight & Logistics,"Memphis, Tennessee",73392340992,313.84,224.69,269.265,300.39
FIS,Fidelity National Information Services,Transaction & Payment Processing Services,"Jacksonville, Florida",46051262464,85.63,46.91,66.27,84.41
FITB,Fifth Third Bank,Diversified Banks,"Cincinnati, Ohio",29496860672,43.85,22.49,33.17,43.64
FSLR,First Solar,Semiconductors,"Tempe, Arizona",25721335808,306.77,129.22,217.995,240.45
FE,FirstEnergy,Electric Utilities,"Akron, Ohio",25340567552,44.97,32.18,38.575,43.23
FI,Fiserv,Transaction & Payment Processing Services,"Brookfield, Wisconsin",102928195584,178.89,109.12,144.005,178.78
FMC,FMC Corporation,Fertilizers & Agricultural Chemicals,"Philadelphia, Pennsylvania",8018732032,68.96,49.49,59.224999999999994,64.24
F,Ford Motor Company,Automobile Manufacturers,"Dearborn, Michigan",43409678336,14.85,9.49,12.17,10.92
FTNT,Fortinet,Systems Software,"Sunnyvale, California",58729635840,78.08,44.12,61.099999999999994,75.66
FTV,Fortive,Industrial Machinery & Supplies & Components,"Everett, Washington",27077871616,87.1,63.05,75.07499999999999,77.29
FOXA,Fox Corporation (Class A),Broadcasting,"New York City, New York",17937641472,41.58,28.285,34.9325,40.48
FOX,Fox Corporation (Class B),Broadcasting,"New York City, New York",17942452224,38.515,25.815,32.165,37.53
BEN,Franklin Templeton,Asset Management & Custody Banks,"San Mateo, California",10914969600,30.32,18.95,24.634999999999998,20.87
FCX,Freeport-McMoRan,Copper,"Phoenix, Arizona",64859725824,55.24,32.83,44.035,45.14
GRMN,Garmin,Consumer Electronics,"Schaffhausen, Switzerland",33014628352,184.42,99.61,142.015,171.76
IT,Gartner,IT Consulting & Other Services,"Stamford, Connecticut",39576993792,517.48,323.61,420.545,513.42
GE,GE Aerospace,Aerospace & Defense,"Evendale, Ohio",203232215040,187.99,84.22187,136.105935,186.16
GEHC,GE HealthCare,Health Care Equipment,"Chicago, Illinois",41387331584,94.5,62.35,78.425,90.62
GEV,GE Vernova,Heavy Electrical Equipment,"Cambridge, Massachusetts",67452895232,250.8494,119.0,184.9247,244.45
GEN,Gen Digital,Systems Software,"Tempe, Arizona",16299101184,27.13,16.38,21.755,26.87
GNRC,Generac,Electrical Components & Equipment,"Waukesha, Wisconsin",8596425728,169.57,79.86,124.715,142.91
GD,General Dynamics,Aerospace & Defense,"Falls Church, Virginia",84321116160,309.97,214.53,262.25,304.73
GIS,General Mills,Packaged Foods & Meats,"Golden Valley, Minnesota",41581424640,75.9,60.33,68.11500000000001,74.9
GM,General Motors,Automobile Manufacturers,"Detroit, Michigan",54937210880,50.5,26.3,38.4,48.62
GPC,Genuine Parts Company,Distributors,"Atlanta, Georgia",19384629248,164.45,126.35,145.39999999999998,139.14
GILD,Gilead Sciences,Biotechnology,"Foster City, California",104504459264,87.87,62.07,74.97,83.9
GPN,Global Payments,Transaction & Payment Processing Services,"Atlanta, Georgia",28743757824,141.78,91.6,116.69,112.97
GL,Globe Life,Life & Health Insurance,"McKinney, Texas",9633181696,132.0,38.95,85.475,107.25
GDDY,GoDaddy,Internet Services & Infrastructure,"Tempe, Arizona",22633213952,167.65,71.15,119.4,160.14
GS,Goldman Sachs,Investment Banking & Brokerage,"New York City, New York",159109316608,517.26,289.36,403.31,503.83
HAL,Halliburton,Oil & Gas Equipment & Services,"Houston, Texas",26069927936,43.85,27.53,35.69,29.53
HIG,Hartford (The),Property & Casualty Insurance,"Hartford, Connecticut",34083389440,117.84,68.82,93.33,115.94
HAS,Hasbro,Leisure Products,"Pawtucket, Rhode Island",10012196864,72.25,42.66,57.455,71.82
HCA,HCA Healthcare,Health Care Facilities,"Nashville, Tennessee",104432222208,405.695,215.96,310.8275,403.52
DOC,Healthpeak Properties,Health Care REITs,"Denver, Colorado",15387917312,22.79,15.24,19.015,21.9
HSIC,Henry Schein,Health Care Distributors,"Melville, New York",9196422144,82.63,60.01,71.32,72.54
HSY,Hershey Company (The),Packaged Foods & Meats,"Hershey, Pennsylvania",39551315968,211.92,178.82,195.37,195.52
HES,Hess Corporation,Integrated Oil & Gas,"New York City, New York",41410654208,167.75,123.79,145.77,133.5
HPE,Hewlett Packard Enterprise,"Technology Hardware, Storage & Peripherals","Houston, Texas",24479897600,22.82,14.465,18.6425,18.85
HLT,Hilton Worldwide,"Hotels, Resorts & Cruise Lines","Tysons Corner, Virginia",55579082752,229.03,146.0,187.515,225.54
HOLX,Hologic,Health Care Equipment,"Marlborough, Massachusetts",19136905216,84.67,64.02,74.345,82.4
HD,Home Depot (The),Home Improvement Retail,"Atlanta, Georgia",387721986048,396.87,274.26,335.565,390.34
HON,Honeywell,Industrial Conglomerates,"Charlotte, North Carolina",132110598144,220.79,174.88,197.83499999999998,203.7
HRL,Hormel Foods,Packaged Foods & Meats,"Austin, Minnesota",17618913280,39.25,28.51,33.88,32.13
HST,Host Hotels & Resorts,Hotel & Resort REITs,"Bethesda, Maryland",26491336704,21.31,14.92,18.115,18.53
HWM,Howmet Aerospace,Aerospace & Defense,"Pittsburgh, Pennsylvania",39773925376,98.29,42.94,70.61500000000001,97.43
HPQ,HP Inc.,"Technology Hardware, Storage & Peripherals","Palo Alto, California",33545865216,39.52,25.22,32.370000000000005,34.82
HUBB,Hubbell Incorporated,Industrial Machinery & Supplies & Components,"Shelton, Connecticut",22868600832,429.61,248.37,338.99,422.54
HUM,Humana,Managed Health Care,"Louisville, Kentucky",37565198336,530.54,298.61,414.575,312.0
HBAN,Huntington Bancshares,Regional Banks,"Columbus, Ohio; Detroit, Michigan",21741516800,15.25,9.25,12.25,14.96
HII,Huntington Ingalls Industries,Aerospace & Defense,"Newport News, Virginia",10510869504,299.5,199.11,249.305,268.03
IBM,IBM,IT Consulting & Other Services,"Armonk, New York",200533917696,218.84,135.87,177.35500000000002,213.89
IEX,IDEX Corporation,Industrial Machinery & Supplies & Components,"Lake Forest, Illinois",15935575040,246.36,183.77,215.065,210.5
IDXX,Idexx Laboratories,Health Care Equipment,"Westbrook, Maine",42571988992,583.39,372.5,477.945,517.06
ITW,Illinois Tool Works,Industrial Machinery & Supplies & Components,"Glenview, Illinois",76588212224,271.15,217.5,244.325,257.96
INCY,Incyte,Biotechnology,"Wilmington, Delaware",12877151232,70.36,50.27,60.315,66.82
IR,Ingersoll Rand,Industrial Machinery & Supplies & Components,"Davidson, North Carolina",39400194048,101.3,59.2,80.25,97.65
PODD,Insulet Corporation,Health Care Equipment,"Acton, Massachusetts",16669947904,243.98,125.82,184.89999999999998,237.68
INTC,Intel,Semiconductors,"Santa Clara, California",93387841536,51.28,18.51,34.895,21.14
ICE,Intercontinental Exchange,Financial Exchanges & Data,"Atlanta, Georgia",91770855424,163.71,104.49,134.1,158.87
IFF,International Flavors & Fragrances,Specialty Chemicals,"New York City, New York",26394253312,105.3,62.28,83.78999999999999,102.84
IP,International Paper,Paper & Plastic Packaging Products & Materials,"Memphis, Tennessee",17361997824,50.68,31.77,41.225,49.98
IPG,Interpublic Group of Companies (The),Advertising,"New York City, New York",11827337216,35.17,27.2,31.185000000000002,31.49
INTU,Intuit,Application Software,"Mountain View, California",183477075968,676.62,473.56,575.09,654.24
ISRG,Intuitive Surgical,Health Care Equipment,"Sunnyvale, California",174187954176,496.18,254.85,375.515,490.01
IVZ,Invesco,Asset Management & Custody Banks,"Atlanta, Georgia",7808057856,18.28,12.48,15.38,17.35
INVH,Invitation Homes,Single-Family Residential REITs,"Dallas, Texas",22077888512,37.8,28.49,33.144999999999996,36.04
IQV,IQVIA,Life Sciences Tools & Services,"Durham, North Carolina",44594143232,261.73,167.42,214.575,244.62
IRM,Iron Mountain,Other Specialized REITs,"Boston, Massachusetts",33839241216,118.47,56.51,87.49,114.13
JBHT,J.B. Hunt,Cargo Ground Transportation,"Lowell, Arkansas",17829201920,219.51,153.12,186.315,174.82
JBL,Jabil,Electronic Manufacturing Services,"St. Petersburg, Florida",12928192512,156.94,95.85,126.395,110.86
JKHY,Jack Henry & Associates,Transaction & Payment Processing Services,"Monett, Missouri",12804153344,178.37,136.57,157.47,175.6
J,Jacobs Solutions,Construction & Engineering,"Dallas, Texas",18570188800,154.5,120.71,137.605,149.46
JNJ,Johnson & Johnson,Pharmaceuticals,"New Brunswick, New Jersey",396761595904,168.85,143.13,155.99,164.82
JCI,Johnson Controls,Building Products,"Cork, Ireland",49586610176,75.36,47.9,61.629999999999995,74.23
JPM,JPMorgan Chase,Diversified Banks,"New York City, New York",600584814592,225.48,135.19,180.33499999999998,210.48
JNPR,Juniper Networks,Communications Equipment,"Sunnyvale, California",12824202240,39.13,24.87,32.0,38.96
K,Kellanova,Packaged Foods & Meats,"Chicago, Illinois",27794356224,80.97,47.63,64.3,80.65
KVUE,Kenvue,Personal Care Products,"Skillman, New Jersey",44087214080,23.55,17.67,20.61,22.9
KDP,Keurig Dr Pepper,Soft Drinks & Non-alcoholic Beverages,"Burlington, Massachusetts",50853072896,37.84,27.66,32.75,37.5
KEY,KeyCorp,Regional Banks,"Cleveland, Ohio",16093537280,17.39,9.5,13.445,17.34
KEYS,Keysight,Electronic Equipment & Instruments,"Santa Rosa, California",26965231616,162.51,118.57,140.54,155.38
KMB,Kimberly-Clark,Household Products,"Irving, Texas",47405162496,149.31,116.32,132.815,140.1
KIM,Kimco Realty,Retail REITs,"Jericho, New York",15666362368,24.25,16.34,20.295,23.24
KMI,Kinder Morgan,Oil & Gas Storage & Transportation,"Houston, Texas",48362037248,21.875,15.89,18.8825,21.59
KKR,KKR,Asset Management & Custody Banks,"New York City, New York",122442768384,133.84,53.72,93.78,132.8
KLAC,KLA Corporation,Semiconductor Materials & Equipment,"Milpitas, California",103813709824,896.32,440.15,668.235,772.43
KHC,Kraft Heinz,Packaged Foods & Meats,"Chicago, Illinois; Pittsburgh, Pennsylvania",42299498496,38.96,30.68,34.82,34.99
KR,Kroger,Food Retail,"Cincinnati, Ohio",40046968832,58.34,42.1,50.22,54.83
LHX,L3Harris,Aerospace & Defense,"Melbourne, Florida",44241100800,245.6,160.25,202.925,230.46
LH,LabCorp,Health Care Services,"Burlington, North Carolina",18857322496,238.47,191.97,215.22,224.59
LRCX,Lam Research,Semiconductor Materials & Equipment,"Fremont, California",102501023744,1130.0,574.42,852.21,789.07
LW,Lamb Weston,Packaged Foods & Meats,"Eagle, Idaho",9426305024,111.875,52.99,82.4325,65.61
LVS,Las Vegas Sands,Casinos & Gaming,"Las Vegas, Nevada",31003783168,55.66,36.62,46.14,42.1
LDOS,Leidos,Diversified Support Services,"Reston, Virginia",21158180864,159.1,89.22,124.16,156.09
LEN,Lennar,Homebuilding,"Miami, Florida",52327702528,193.8,102.9,148.35000000000002,192.45
LLY,Lilly (Eli),Pharmaceuticals,"Indianapolis, Indiana",829733535744,972.53,516.57,744.55,915.04
LIN,Linde plc,Industrial Gases,"Guildford, United Kingdom",225338441728,479.79,361.02,420.405,469.17
LYV,Live Nation Entertainment,Movies & Entertainment,"Beverly Hills, California",24214136832,107.24,76.48,91.86,104.32
LKQ,LKQ Corporation,Distributors,"Chicago, Illinois",10722599936,53.68,35.57,44.625,40.77
LMT,Lockheed Martin,Aerospace & Defense,"Bethesda, Maryland",136321703936,578.73,393.77,486.25,565.18
L,Loews Corporation,Multi-line Insurance,"New York City, New York",17395904512,83.54,61.43,72.485,79.25
LOW,Lowe's,Home Improvement Retail,"Mooresville, North Carolina",148063895552,262.49,181.85,222.17000000000002,261.0
LULU,Lululemon Athletica,"Apparel, Accessories & Luxury Goods","Vancouver, Canada",33246687232,516.39,226.01,371.2,270.76
LYB,LyondellBasell,Specialty Chemicals,"Rotterdam, Netherlands",31237830656,107.02,88.46,97.74,96.09
MTB,M&T Bank,Regional Banks,"Buffalo, New York",30036795392,180.19,108.53,144.36,179.86
MRO,Marathon Oil,Oil & Gas Exploration & Production,"Houston, Texas",15623566336,30.06,21.81,25.935,27.89
MPC,Marathon Petroleum,Oil & Gas Refining & Marketing,"Findlay, Ohio",55674617856,221.11,139.32,180.215,166.35
MKTX,MarketAxess,Financial Exchanges & Data,"New York City, New York",9789071360,297.97,192.42,245.195,259.33
MAR,Marriott International,"Hotels, Resorts & Cruise Lines","Bethesda, Maryland",68820959232,260.57,180.75,220.66,244.46
MMC,Marsh McLennan,Insurance Brokers,"New York City, New York",110453374976,232.32,184.02,208.17000000000002,224.61
MLM,Martin Marietta Materials,Construction Materials,"Raleigh, North Carolina",33535539200,626.67,389.9,508.28499999999997,548.71
MAS,Masco,Building Products,"Livonia, Michigan",18167001088,83.56,47.66,65.61,83.24
MA,Mastercard,Transaction & Payment Processing Services,"Harrison, New York",455459766272,501.8,359.77,430.78499999999997,493.01
MTCH,Match Group,Interactive Media & Services,"Dallas, Texas",9500835840,42.425,27.655,35.04,36.84
MKC,McCormick & Company,Packaged Foods & Meats,"Hunt Valley, Maryland",22378336256,85.49,59.13,72.31,83.34
MCD,McDonald's,Restaurants,"Chicago, Illinois",212928905216,302.39,243.53,272.96,293.85
MCK,McKesson Corporation,Health Care Distributors,"Irving, Texas",65896742912,637.51,431.35,534.4300000000001,508.16
MDT,Medtronic,Health Care Equipment,"Dublin, Ireland",114754543616,91.49,68.84,80.16499999999999,89.47
MRK,Merck & Co.,Pharmaceuticals,"Kenilworth, New Jersey",297156018176,134.63,99.14,116.88499999999999,117.23
META,Meta Platforms,Interactive Media & Services,"Menlo Park, California",1414422331392,564.5,279.4,421.95,559.1
MET,MetLife,Life & Health Insurance,"New York City, New York",56789360640,81.39,57.91,69.65,81.09
MTD,Mettler Toledo,Life Sciences Tools & Services,"Columbus, Ohio",30620012544,1546.93,928.5,1237.7150000000001,1443.03
MGM,MGM Resorts,Casinos & Gaming,"Paradise, Nevada",11467303936,48.25,33.44,40.845,37.75
MCHP,Microchip Technology,Semiconductors,"Chandler, Arizona",42293047296,100.57,68.75,84.66,78.83
MU,Micron Technology,Semiconductors,"Boise, Idaho",100793548800,157.54,63.83,110.685,89.25
MSFT,Microsoft,Systems Software,"Redmond, Washington",3260807643136,468.35,309.45,388.9,438.69
MAA,Mid-America Apartment Communities,Multi-Family Residential REITs,"Memphis, Tennessee",19736291328,167.39,115.56,141.475,164.51
MRNA,Moderna,Biotechnology,"Cambridge, Massachusetts",26150598656,170.47,62.55,116.50999999999999,68.02
MHK,Mohawk Industries,Home Furnishings,"Calhoun, Georgia",9983235072,164.06,76.02,120.03999999999999,158.17
MOH,Molina Healthcare,Managed Health Care,"Long Beach, California",20593213440,423.92,282.96,353.44,349.91
TAP,Molson Coors Beverage Company,Brewers,"Chicago, Illinois",11465732096,69.18,49.19,59.185,55.32
MDLZ,Mondelez International,Packaged Foods & Meats,"Chicago, Illinois",99882827776,77.2,60.75,68.975,74.78
MPWR,Monolithic Power Systems,Semiconductors,"Kirkland, Washington",44425883648,959.64,392.1,675.87,911.12
MNST,Monster Beverage,Soft Drinks & Non-alcoholic Beverages,"Corona, California",50766311424,61.23,43.32,52.275,51.83
MCO,Moody's Corporation,Financial Exchanges & Data,"New York City, New York",90069671936,495.1,298.86,396.98,490.11
MS,Morgan Stanley,Investment Banking & Brokerage,"New York City, New York",165782110208,109.11,69.42,89.265,100.73
MOS,Mosaic Company (The),Fertilizers & Agricultural Chemicals,"Tampa, Florida",8517179904,38.3,24.12,31.21,26.73
MSI,Motorola Solutions,Communications Equipment,"Chicago, Illinois",73838821376,448.98,269.65,359.315,438.81
MSCI,MSCI,Financial Exchanges & Data,"New York City, New York",43647516672,617.39,439.95,528.67,555.31
NDAQ,"Nasdaq, Inc.",Financial Exchanges & Data,"New York City, New York",42717569024,74.65,46.88,60.765,74.29
NTAP,NetApp,"Technology Hardware, Storage & Peripherals","San Jose, California",25028579328,135.01,70.82,102.91499999999999,120.08
NFLX,Netflix,Movies & Entertainment,"Los Gatos, California",302273626112,715.66,344.73,530.1949999999999,704.32
NEM,Newmont,Gold,"Denver, Colorado",62500515840,54.93,29.42,42.175,53.52
NWSA,News Corp (Class A),Publishing,"New York City, New York",15324559360,28.62,19.25,23.935000000000002,26.54
NWS,News Corp (Class B),Publishing,"New York City, New York",15324562432,29.59,20.01,24.8,27.88
NEE,NextEra Energy,Multi-Utilities,"Juno Beach, Florida",170100768768,85.56,47.15,66.355,82.29
NKE,"Nike, Inc.","Apparel, Accessories & Luxury Goods","Washington County, Oregon",121417842688,123.39,70.75,97.07,80.98
NI,NiSource,Multi-Utilities,"Merrillville, Indiana",15285222400,34.49,22.86,28.675,33.83
NDSN,Nordson Corporation,Industrial Machinery & Supplies & Components,"Westlake, Ohio",14873861120,279.38,208.91,244.14499999999998,260.03
NSC,Norfolk Southern Railway,Rail Transportation,"Atlanta, Georgia",56944594944,263.66,183.09,223.375,251.86
NTRS,Northern Trust,Asset Management & Custody Banks,"Chicago, Illinois",18685843456,92.81,62.44,77.625,92.62
NOC,Northrop Grumman,Aerospace & Defense,"West Falls Church, Virginia",76797632512,528.76,414.56,471.65999999999997,522.26
NCLH,Norwegian Cruise Line Holdings,"Hotels, Resorts & Cruise Lines","Miami, Florida",9185144832,21.73,12.71,17.22,20.21
NRG,NRG Energy,Independent Power Producers & Energy Traders,"Houston, Texas",17973633024,87.58,36.61,62.095,81.83
NUE,Nucor,Steel,"Charlotte, North Carolina",35363418112,203.0,133.42,168.20999999999998,149.0
NVDA,Nvidia,Semiconductors,"Santa Clara, California",2891346345984,140.76,39.23,89.99499999999999,117.87
NVR,"NVR, Inc.",Homebuilding,"Reston, Virginia",29728483328,9696.86,5210.49,7453.675,9659.65
NXPI,NXP Semiconductors,Semiconductors,"Eindhoven, Netherlands",60838121472,296.08,167.21,231.64499999999998,238.72
ORLY,O'Reilly Auto Parts,Automotive Retail,"Springfield, Missouri",64676917248,1169.11,860.1,1014.605,1115.65
OXY,Occidental Petroleum,Oil & Gas Exploration & Production,"Houston, Texas",47669760000,71.19,49.91,60.55,52.03
ODFL,Old Dominion,Cargo Ground Transportation,"Thomasville, North Carolina",43814330368,227.8,165.49,196.645,204.52
OMC,Omnicom Group,Advertising,"New York City, New York",20327929856,104.8,72.2,88.5,103.2
ON,ON Semiconductor,Semiconductors,"Phoenix, Arizona",31424212992,95.67,59.34,77.505,73.35
OKE,ONEOK,Oil & Gas Storage & Transportation,"Tulsa, Oklahoma",54885433344,95.28,60.58,77.93,93.77
ORCL,Oracle Corporation,Application Software,"Austin, Texas",465522982912,173.99,99.26,136.625,167.59
OTIS,Otis Worldwide,Industrial Machinery & Supplies & Components,"Farmington, Connecticut",38261014528,100.84,73.32,87.08,96.38
PCAR,Paccar,Construction Machinery & Heavy Transportation Equipment,"Bellevue, Washington",52160090112,125.5,80.94,103.22,99.52
PKG,Packaging Corporation of America,Paper & Plastic Packaging Products & Materials,"Lake Forest, Illinois",19368810496,217.69,143.82,180.755,215.66
PANW,Palo Alto Networks,Systems Software,"Santa Clara, California",110743068672,380.84,224.64,302.74,333.6
PARA,Paramount Global,Movies & Entertainment,"New York City, New York",7438660096,17.5,9.54,13.52,10.46
PH,Parker Hannifin,Industrial Machinery & Supplies & Components,"Cleveland, Ohio",80507502592,627.3,362.49,494.895,626.05
PAYX,Paychex,Human Resource & Employment Services,"Penfield, New York",47939219456,137.4,106.27,121.83500000000001,133.17
PAYC,Paycom,Human Resource & Employment Services,"Oklahoma City, Oklahoma",9931785216,279.96,139.5,209.73,172.93
PYPL,PayPal,Transaction & Payment Processing Services,"San Jose, California",79302295552,78.245,50.25,64.2475,77.57
PNR,Pentair,Industrial Machinery & Supplies & Components,"Worsley, United Kingdom",15765335040,95.87,57.18,76.525,95.26
PEP,PepsiCo,Soft Drinks & Non-alcoholic Beverages,"Purchase, New York",239908765696,183.41,155.83,169.62,174.66
PFE,Pfizer,Pharmaceuticals,"New York City, New York",168074100736,34.11,25.2,29.655,29.66
PCG,PG&E Corporation,Multi-Utilities,"Oakland, California",52513214464,20.65,14.71,17.68,19.6
PM,Philip Morris International,Tobacco,"New York City, New York",187804286976,128.22,87.23,107.725,119.74
PSX,Phillips 66,Oil & Gas Refining & Marketing,"Houston, Texas",55481335808,174.08,107.85,140.965,132.55
PNW,Pinnacle West,Multi-Utilities,"Phoenix, Arizona",10256890880,91.57,65.2,78.38499999999999,89.02
PNC,PNC Financial Services,Regional Banks,"Pittsburgh, Pennsylvania",74411311104,187.78,109.4,148.59,187.2
POOL,Pool Corporation,Distributors,"Covington, Louisiana",14232655872,422.73,293.51,358.12,372.09
PPG,PPG Industries,Specialty Chemicals,"Pittsburgh, Pennsylvania",30149378048,151.16,118.07,134.615,129.23
PPL,PPL Corporation,Electric Utilities,"Allentown, Pennsylvania",23948109824,32.82,22.2,27.509999999999998,31.79
PFG,Principal Financial Group,Life & Health Insurance,"Des Moines, Iowa",19828217856,88.26,66.21,77.235,85.62
PG,Procter & Gamble,Personal Care Products,"Cincinnati, Ohio",409366495232,177.94,141.45,159.695,171.54
PGR,Progressive Corporation,Property & Casualty Insurance,"Mayfield Village, Ohio",151862263808,260.46,137.59,199.02499999999998,255.3
PLD,Prologis,Industrial REITs,"San Francisco, California",118979559424,137.52,96.64,117.08000000000001,128.5
PRU,Prudential Financial,Life & Health Insurance,"Newark, New Jersey",43482562560,128.53,87.95,108.24000000000001,121.8
PEG,Public Service Enterprise Group,Electric Utilities,"Newark, New Jersey",43220533248,86.83,53.71,70.27,83.44
PTC,PTC,Application Software,"Boston, Massachusetts",21518548992,194.24,134.61,164.425,179.13
PSA,Public Storage,Self-Storage REITs,"Glendale, California",63307509760,366.29,233.18,299.735,358.62
PHM,PulteGroup,Homebuilding,"Atlanta, Georgia",30086803456,145.84,68.8,107.32,144.98
QRVO,Qorvo,Semiconductors,"Greensboro, North Carolina",9786823680,130.99,80.62,105.805,103.17
PWR,Quanta Services,Construction & Engineering,"Houston, Texas",42856824832,293.8,153.74,223.77,289.73
QCOM,Qualcomm,Semiconductors,"San Diego, California",193827241984,230.63,104.33,167.48,173.92
DGX,Quest Diagnostics,Health Care Services,"Secaucus, New Jersey",17267523584,159.36,119.59,139.47500000000002,155.12
RL,Ralph Lauren Corporation,"Apparel, Accessories & Luxury Goods","New York City, New York",11443911680,192.03,108.6,150.315,184.76
RJF,Raymond James,Investment Banking & Brokerage,"St. Petersburg, Florida",25600774144,131.19,91.67,111.43,124.11
RTX,RTX Corporation,Aerospace & Defense,"Waltham, Massachusetts",158058708992,123.7,68.56,96.13,118.82
O,Realty Income,Retail REITs,"San Diego, California",53671591936,63.39,45.04,54.215,60.7
REG,Regency Centers,Retail REITs,"Jacksonville, Florida",13176138752,75.26,56.29,65.775,72.13
REGN,Regeneron,Biotechnology,"Tarrytown, New York",126805204992,1211.2,769.19,990.195,1150.19
RF,Regions Financial Corporation,Regional Banks,"Birmingham, Alabama",21377329152,23.47,13.72,18.595,23.36
RSG,Republic Services,Environmental & Facilities Services,"Phoenix, Arizona",63250153472,208.69,140.23,174.45999999999998,200.91
RMD,ResMed,Health Care Equipment,"San Diego, California",35989524480,255.18,132.24,193.71,242.98
RVTY,Revvity,Health Care Equipment,"Waltham, Massachusetts",15599656960,128.15,79.5,103.825,126.48
ROK,Rockwell Automation,Electrical Components & Equipment,"Milwaukee, Wisconsin",30435330048,312.76,242.81,277.78499999999997,268.23
ROL,"Rollins, Inc.",Environmental & Facilities Services,"Atlanta, Georgia",24288346112,51.96,32.19,42.075,50.1
ROP,Roper Technologies,Electronic Equipment & Instruments,"Sarasota, Florida",60123226112,579.1,474.46,526.78,560.86
ROST,Ross Stores,Apparel Retail,"Dublin, California",51236786176,163.6,108.35,135.975,154.44
RCL,Royal Caribbean Group,"Hotels, Resorts & Cruise Lines","Miami, Florida",44803952640,174.48,78.35,126.41499999999999,171.16
SPGI,S&P Global,Financial Exchanges & Data,"New York City, New York",164080992256,528.02,340.49,434.255,524.22
CRM,Salesforce,Application Software,"San Francisco, California",255060787200,318.71,193.68,256.195,265.99
SBAC,SBA Communications,Telecom Tower REITs,"Boca Raton, Florida",25736318976,258.76,183.64,221.2,238.29
SLB,Schlumberger,Oil & Gas Equipment & Services,"Houston, Texas",60698038272,61.41,38.66,50.035,42.75
STX,Seagate Technology,"Technology Hardware, Storage & Peripherals","Dublin, Ireland",22046722048,113.57,63.32,88.445,104.12
SRE,Sempra,Multi-Utilities,"San Diego, California",52665081856,84.29,63.75,74.02000000000001,82.51
NOW,ServiceNow,Systems Software,"Santa Clara, California",192962101248,940.12,527.24,733.6800000000001,919.25
SHW,Sherwin-Williams,Specialty Chemicals,"Cleveland, Ohio",95794700288,382.83,232.06,307.445,379.75
SPG,Simon Property Group,Retail REITs,"Indianapolis, Indiana",62628462592,169.19,102.11,135.65,167.06
SWKS,Skyworks Solutions,Semiconductors,"Irvine, California",15883751424,120.86,85.06,102.96000000000001,99.46
SJM,J.M. Smucker Company (The),Packaged Foods & Meats,"Orrville, Ohio",12694255616,134.62,105.69,120.155,119.3
SW,Smurfit WestRock,Paper & Plastic Packaging Products & Materials,"Dublin, Ireland",25457225728,49.5,38.55,44.025,49.02
SNA,Snap-on,Industrial Machinery & Supplies & Components,"Kenosha, Wisconsin",15073042432,298.49,249.84,274.165,286.11
SOLV,Solventum,Health Care Technology,"Saint Paul, Minnesota",12493908992,73.4,47.16,60.28,72.34
SO,Southern Company,Electric Utilities,"Atlanta, Georgia",98182922240,90.34,61.56,75.95,88.86
LUV,Southwest Airlines,Passenger Airlines,"Dallas, Texas",17399519232,35.18,21.91,28.545,28.94
SWK,Stanley Black & Decker,Industrial Machinery & Supplies & Components,"New Britain, Connecticut",16630715392,108.37,76.26,92.315,108.02
SBUX,Starbucks,Restaurants,"Seattle, Washington",109829332992,107.66,71.55,89.60499999999999,96.9
STT,State Street Corporation,Asset Management & Custody Banks,"Boston, Massachusetts",26669740032,89.42,62.78,76.1,89.31
STLD,Steel Dynamics,Steel,"Fort Wayne, Indiana",18490130432,151.34,98.25,124.795,120.09
STE,Steris,Health Care Equipment,"Dublin, Ireland",23614771200,248.24,195.47,221.85500000000002,239.46
SYK,Stryker Corporation,Health Care Equipment,"Kalamazoo, Michigan",139111546880,374.63,249.98,312.305,365.05
SMCI,Supermicro,"Technology Hardware, Storage & Peripherals","San Jose, California",26776129536,1229.0,226.59,727.795,437.2
SYF,Synchrony Financial,Consumer Finance,"Stamford, Connecticut",20168421376,52.67,27.295,39.9825,51.03
SNPS,Synopsys,Application Software,"Sunnyvale, California",78964940800,629.38,440.62,535.0,514.12
SYY,Sysco,Food Distributors,"Houston, Texas",36957466624,82.89,62.24,72.565,74.14
TMUS,T-Mobile US,Wireless Telecommunication Services,"Bellevue, Washington",232959885312,206.31,135.82,171.065,199.64
TROW,T. Rowe Price,Asset Management & Custody Banks,"Baltimore, Maryland",24619407360,122.27,87.43,104.85,110.55
TTWO,Take-Two Interactive,Interactive Home Entertainment,"New York City, New York",26932154368,171.59,130.34,150.965,153.66
TPR,"Tapestry, Inc.","Apparel, Accessories & Luxury Goods","New York City, New York",9858062336,48.8,25.99,37.394999999999996,42.82
TRGP,Targa Resources,Oil & Gas Storage & Transportation,"Houston, Texas",33481996288,154.87,77.97,116.42,152.21
TGT,Target Corporation,Consumer Staples Merchandise Retail,"Minneapolis, Minnesota",72090910720,181.86,102.93,142.395,156.49
TEL,TE Connectivity,Electronic Manufacturing Services,"Schaffhausen, Switzerland",45399416832,159.98,115.0,137.49,149.38
TDY,Teledyne Technologies,Electronic Equipment & Instruments,"Thousand Oaks, California",20426438656,448.19,355.41,401.8,436.61
TFX,Teleflex,Health Care Equipment,"Wayne, Pennsylvania",11575834624,257.85,177.63,217.74,245.68
TER,Teradyne,Semiconductor Materials & Equipment,"North Reading, Massachusetts",21844387840,163.21,81.08,122.14500000000001,133.82
TSLA,"Tesla, Inc.",Automobile Manufacturers,"Austin, Texas",778815471616,271.0,138.8,204.9,243.92
TXN,Texas Instruments,Semiconductors,"Dallas, Texas",189492887552,214.66,139.48,177.07,207.6
TXT,Textron,Aerospace & Defense,"Providence, Rhode Island",16664044544,97.34,74.13,85.735,88.94
TMO,Thermo Fisher Scientific,Life Sciences Tools & Services,"Waltham, Massachusetts",236932825088,627.88,415.6,521.74,620.25
TJX,TJX Companies,Apparel Retail,"Framingham, Massachusetts",133416574976,121.13,86.71,103.91999999999999,118.29
TSCO,Tractor Supply,Other Specialty Retail,"Brentwood, Tennessee",29652111360,290.38,185.0,237.69,273.97
TT,Trane Technologies,Building Products,"Dublin, Ireland",86867148800,387.71,184.02,285.865,381.39
TDG,TransDigm Group,Aerospace & Defense,"Cleveland, Ohio",79006539776,1419.99,802.46,1111.225,1389.85
TRV,Travelers Companies (The),Property & Casualty Insurance,"New York City, New York",54368382976,243.48,157.33,200.405,237.58
TRMB,Trimble Inc.,Electronic Equipment & Instruments,"Westminster, Colorado",14698784768,65.55,39.57,52.56,60.2
TFC,Truist,Regional Banks,"Charlotte, North Carolina",56672403456,45.31,26.57,35.94,42.93
TYL,Tyler Technologies,Application Software,"Plano, Texas",24760809472,598.93,361.16,480.04499999999996,580.25
TSN,Tyson Foods,Packaged Foods & Meats,"Springdale, Arkansas",21944002560,66.88,44.94,55.91,61.67
USB,U.S. Bank,Diversified Banks,"Minneapolis, Minnesota",72517279744,47.31,30.47,38.89,46.47
UBER,Uber,Passenger Ground Transportation,"San Francisco, California",158158405632,82.14,40.09,61.115,75.28
UDR,"UDR, Inc.",Multi-Family Residential REITs,"Highlands Ranch, Colorado",17339660288,47.55,30.95,39.25,46.15
ULTA,Ulta Beauty,Other Specialty Retail,"Bolingbrook, Illinois",19001364480,574.76,318.17,446.46500000000003,403.29
UNP,Union Pacific Corporation,Rail Transportation,"Omaha, Nebraska",151348953088,258.66,199.33,228.995,248.44
UAL,United Airlines Holdings,Passenger Airlines,"Chicago, Illinois",17303275520,56.18,33.68,44.93,52.59
UPS,United Parcel Service,Air Freight & Logistics,"Sandy Springs, Georgia",113179574272,163.82,123.12,143.47,132.13
URI,United Rentals,Trading Companies & Distributors,"Stamford, Connecticut",52507938816,801.39,387.01,594.2,793.94
UNH,UnitedHealth Group,Managed Health Care,"Minnetonka, Minnesota",532876656640,607.94,436.38,522.1600000000001,577.07
UHS,Universal Health Services,Health Care Facilities,"King of Prussia, Pennsylvania",15863724032,241.95,119.9,180.925,237.79
VLO,Valero Energy,Oil & Gas Refining & Marketing,"San Antonio, Texas",44433518592,184.79,119.88,152.33499999999998,138.69
VTR,Ventas,Health Care REITs,"Chicago, Illinois",25796943872,65.65,39.33,52.49,62.2
VLTO,Veralto,Environmental & Facilities Services,"Waltham, Massachusetts",27050694656,112.77,65.51,89.14,109.47
VRSN,Verisign,Internet Services & Infrastructure,"Dulles, Virginia",17810083840,220.91,167.05,193.98000000000002,182.42
VRSK,Verisk,Research & Consulting Services,"Jersey City, New Jersey",37861896192,287.13,215.32,251.225,265.96
VZ,Verizon,Integrated Telecommunication Services,"New York City, New York",186608041984,45.05,30.14,37.595,43.94
VRTX,Vertex Pharmaceuticals,Biotechnology,"Boston, Massachusetts",123344674816,510.64,341.85,426.245,477.9
VTRS,Viatris,Pharmaceuticals,"Pittsburgh, Pennsylvania",14202874880,13.62,8.74,11.18,11.9
VICI,Vici Properties,Hotel & Resort REITs,"New York City, New York",34629910528,34.29,26.625,30.4575,32.81
V,Visa Inc.,Transaction & Payment Processing Services,"San Francisco, California",555042340864,293.07,227.78,260.425,285.24
VST,Vistra,Electric Utilities,"Irving, Texas",37063360512,108.26,31.16,69.71000000000001,92.5205
VMC,Vulcan Materials Company,Construction Materials,"Birmingham, Alabama",33499713536,278.79,190.51,234.65,253.67
WRB,W. R. Berkley Corporation,Property & Casualty Insurance,"Greenwich, Connecticut",21889255424,61.28,41.373333,51.3266665,57.52
GWW,W. W. Grainger,Industrial Machinery & Supplies & Components,"Lake Forest, Illinois",50398863360,1037.23,674.41,855.8199999999999,1030.1
WAB,Wabtec,Construction Machinery & Heavy Transportation Equipment,"Pittsburgh, Pennsylvania",31396298752,179.27,98.7,138.985,178.24
WBA,Walgreens Boots Alliance,Drug Retail,"Deerfield, Illinois",7774232064,27.05,8.46,17.755000000000003,8.98
WMT,Walmart,Consumer Staples Merchandise Retail,"Bentonville, Arkansas",635504033792,81.02,49.84667,65.433335,78.04
DIS,Walt Disney Company (The),Movies & Entertainment,"Burbank, California",170024058880,123.74,78.73,101.235,93.45
WBD,Warner Bros. Discovery,Broadcasting,"New York City, New York",20643672064,12.7,6.64,9.67,8.4
WM,Waste Management,Environmental & Facilities Services,"Houston, Texas",82125144064,225.0,149.71,187.35500000000002,204.64
WAT,Waters Corporation,Life Sciences Tools & Services,"Milford, Massachusetts",20091049984,367.21,231.9,299.555,338.45
WEC,WEC Energy Group,Electric Utilities,"Milwaukee, Wisconsin",29939003392,96.65,75.13,85.89,93.78
WFC,Wells Fargo,Diversified Banks,"San Francisco, California",191598215168,62.55,38.39,50.47,55.8
WELL,Welltower,Health Care REITs,"Toledo, Ohio",76381003776,131.31,78.38,104.845,125.39
WST,West Pharmaceutical Services,Health Care Supplies,"Exton, Pennsylvania",22574946304,413.7,265.0,339.35,311.2
WDC,Western Digital,"Technology Hardware, Storage & Peripherals","San Jose, California",22925420544,81.55,35.62,58.584999999999994,65.97
WY,Weyerhaeuser,Timber REITs,"Seattle, Washington",24430503936,36.27,26.73,31.5,33.59
WMB,Williams Companies,Oil & Gas Storage & Transportation,"Tulsa, Oklahoma",55315046400,45.82,32.49,39.155,44.89
WTW,Willis Towers Watson,Insurance Brokers,"London, United Kingdom",29330386944,296.45,203.36,249.905,288.81
WYNN,Wynn Resorts,Casinos & Gaming,"Paradise, Nevada",8900418560,110.38,71.63,91.005,80.18
XEL,Xcel Energy,Multi-Utilities,"Minneapolis, Minnesota",35752538112,64.95,46.79,55.870000000000005,64.06
XYL,Xylem Inc.,Industrial Machinery & Supplies & Components,"White Plains, New York",33106233344,146.08,87.59,116.83500000000001,136.3
YUM,Yum! Brands,Restaurants,"Louisville, Kentucky",36857876480,143.2,115.53,129.365,131.09
ZBRA,Zebra Technologies,Electronic Equipment & Instruments,"Lincolnshire, Illinois",18917627904,372.93,194.59,283.76,363.79
ZBH,Zimmer Biomet,Health Care Equipment,"Warsaw, Indiana",21672644608,133.9,102.0,117.95,106.34
ZTS,Zoetis,Pharmaceuticals,"Parsippany, New Jersey",87547559936,201.92,144.8,173.36,193.24
