Symbol,Stock Price,Predicted Short Position for Next Month,Difference,Company Name,Sector,Market Capital,Financial Results,Next Financial Statement
CSCO,49.61,45.91,3.7,"Cisco Systems, Inc.",Technology,198738345984.0,USD,N/A
UAL,49.65,41.18,8.47,"United Airlines Holdings, Inc.",Industrials,16514042880.0,USD,N/A
TROW,104.87,102.49,2.38,"T. Rowe Price Group, Inc.",Financial Services,23274846208.0,USD,N/A
ISRG,494.01,471.73,22.28,"Intuitive Surgical, Inc.",Healthcare,174073692160.0,USD,N/A
NVR,9179.38,8641.76,537.62,"NVR, Inc.",Consumer Cyclical,28835725312.0,USD,N/A
TPR,42.04,38.38,3.66,"Tapestry, Inc.",Consumer Cyclical,9844249600.0,USD,N/A
DVN,40.01,40.48,-0.47,Devon Energy Corporation,Energy,24703590400.0,USD,N/A
CE,119.88,120.42,-0.54,Celanese Corporation,Basic Materials,13454769152.0,USD,N/A
MRO,25.98,26.18,-0.2,Marathon Oil Corporation,Energy,14616676352.0,USD,N/A
BA,162.77,159.85,2.92,The Boeing Company,Industrials,96605282304.0,USD,N/A
VRTX,478.65,470.42,8.23,Vertex Pharmaceuticals Incorporated,Healthcare,125274963968.0,USD,N/A
GILD,83.16,74.71,8.45,"Gilead Sciences, Inc.",Healthcare,103097614336.0,USD,N/A
EQIX,868.81,819.76,49.05,"Equinix, Inc.",Real Estate,82748366848.0,USD,N/A
TER,128.19,123.05,5.14,"Teradyne, Inc.",Technology,21413584896.0,USD,N/A
PODD,230.45,185.67,44.78,Insulet Corporation,Healthcare,16397913088.0,USD,N/A
MDT,90.0,82.63,7.37,Medtronic plc,Healthcare,115433996288.0,USD,N/A
V,285.37,262.69,22.68,Visa Inc.,Financial Services,559148630016.0,USD,N/A
QRVO,105.61,105.51,0.1,"Qorvo, Inc.",Technology,10211818496.0,USD,N/A
A,136.39,136.8,-0.41,"Agilent Technologies, Inc.",Healthcare,39453007872.0,USD,N/A
FOX,36.04,36.26,-0.22,Fox Corporation,Communication Services,17574144000.0,USD,N/A
MO,52.64,51.11,1.53,"Altria Group, Inc.",Consumer Defensive,90361413632.0,USD,N/A
CTRA,22.78,22.81,-0.03,Coterra Energy Inc.,Energy,16840662016.0,USD,N/A
SWKS,100.44,99.87,0.57,"Skyworks Solutions, Inc.",Technology,16366098432.0,USD,N/A
ENPH,105.83,105.1,0.73,"Enphase Energy, Inc.",Technology,14884232192.0,USD,N/A
MCHP,76.08,74.96,1.12,Microchip Technology Incorporated,Technology,41643520000.0,USD,N/A
CDNS,269.9,251.36,18.54,"Cadence Design Systems, Inc.",Technology,73580912640.0,USD,N/A
MSCI,559.75,550.22,9.53,MSCI Inc.,Financial Services,44167868416.0,USD,N/A
CHTR,339.03,327.07,11.96,"Charter Communications, Inc.",Communication Services,48556204032.0,USD,N/A
EIX,84.63,83.42,1.21,Edison International,Utilities,32987238400.0,USD,N/A
KDP,37.05,35.36,1.69,Keurig Dr Pepper Inc.,Consumer Defensive,51002544128.0,USD,N/A
BBY,97.75,84.74,13.01,"Best Buy Co., Inc.",Consumer Cyclical,21139675136.0,USD,N/A
GEN,26.25,25.04,1.21,Gen Digital Inc.,Technology,16305256448.0,USD,N/A
WBA,8.84,8.88,-0.04,"Walgreens Boots Alliance, Inc.",Healthcare,7950763008.0,USD,N/A
LVS,39.41,38.91,0.5,Las Vegas Sands Corp.,Consumer Cyclical,29472008192.0,USD,N/A
HCA,391.67,371.76,19.91,"HCA Healthcare, Inc.",Healthcare,101856641024.0,USD,N/A
AJG,296.6,283.01,13.59,Arthur J. Gallagher & Co.,Financial Services,65158152192.0,USD,N/A
DTE,124.49,121.8,2.69,DTE Energy Company,Utilities,26074169344.0,USD,N/A
C,57.33,57.83,-0.5,Citigroup Inc.,Financial Services,110022828032.0,USD,N/A
T,21.59,19.35,2.24,AT&T Inc.,Communication Services,155163983872.0,USD,N/A
CF,77.7,77.45,0.25,"CF Industries Holdings, Inc.",Basic Materials,14279610368.0,USD,N/A
MGM,35.9,35.39,0.51,MGM Resorts International,Consumer Cyclical,11090641920.0,USD,N/A
HUM,324.5,329.22,-4.72,Humana Inc.,Healthcare,38716465152.0,USD,N/A
CBOE,209.72,202.19,7.53,"Cboe Global Markets, Inc.",Financial Services,21930240000.0,USD,N/A
CFG,39.71,40.0,-0.29,"Citizens Financial Group, Inc.",Financial Services,17972346880.0,USD,N/A
APH,63.45,60.61,2.84,Amphenol Corporation,Technology,76568764416.0,USD,N/A
SYY,76.97,75.73,1.24,Sysco Corporation,Consumer Defensive,37611184128.0,USD,N/A
MSI,439.8,414.85,24.95,"Motorola Solutions, Inc.",Technology,73703677952.0,USD,N/A
FCX,41.81,40.52,1.29,Freeport-McMoRan Inc.,Basic Materials,61296447488.0,USD,N/A
ADM,59.62,58.74,0.88,Archer-Daniels-Midland Company,Consumer Defensive,28874995712.0,USD,N/A
LH,220.06,219.54,0.52,Labcorp Holdings Inc.,Healthcare,18566803456.0,USD,N/A
SOLV,68.65,58.88,9.77,Solventum Corporation,Healthcare,12089771008.0,USD,N/A
BLDR,175.72,162.62,13.1,"Builders FirstSource, Inc.",Industrials,21346019328.0,USD,N/A
LNT,58.91,56.57,2.34,Alliant Energy Corporation,Utilities,15300225024.0,USD,N/A
BAC,38.78,38.69,0.09,Bank of America Corporation,Financial Services,299907776512.0,USD,N/A
PSX,125.72,126.53,-0.81,Phillips 66,Energy,53032689664.0,USD,N/A
GPN,109.35,104.5,4.85,Global Payments Inc.,Industrials,28100022272.0,USD,N/A
HUBB,399.18,373.33,25.85,Hubbell Incorporated,Industrials,21720903680.0,USD,N/A
PPG,125.49,120.31,5.18,"PPG Industries, Inc.",Basic Materials,29624434688.0,USD,N/A
TECH,73.2,71.43,1.77,Bio-Techne Corporation,Healthcare,11846096896.0,USD,N/A
IRM,116.36,108.87,7.49,Iron Mountain Incorporated,Real Estate,34337910784.0,USD,N/A
IQV,238.4,236.84,1.56,IQVIA Holdings Inc.,Healthcare,43515011072.0,USD,N/A
ESS,310.22,287.12,23.1,"Essex Property Trust, Inc.",Real Estate,20877006848.0,USD,N/A
WBD,7.66,7.07,0.59,"Warner Bros. Discovery, Inc.",Communication Services,20816713728.0,USD,N/A
HAL,28.02,28.36,-0.34,Halliburton Company,Energy,24604444672.0,USD,N/A
STZ,251.71,239.18,12.53,"Constellation Brands, Inc.",Consumer Defensive,46029369344.0,USD,N/A
BG,96.43,95.77,0.66,Bunge Global SA,Consumer Defensive,13793974272.0,USD,N/A
PARA,10.26,10.12,0.14,Paramount Global,Communication Services,7510777344.0,USD,N/A
ADI,221.53,215.76,5.77,"Analog Devices, Inc.",Technology,111919448064.0,USD,N/A
F,10.62,10.26,0.36,Ford Motor Company,Consumer Cyclical,42495418368.0,USD,N/A
ADBE,586.55,540.73,45.82,Adobe Inc.,Technology,238048149504.0,USD,N/A
STLD,110.54,109.56,0.98,"Steel Dynamics, Inc.",Basic Materials,17411551232.0,USD,N/A
SMCI,442.13,411.64,30.49,"Super Micro Computer, Inc.",Technology,26769690624.0,USD,N/A
CPRT,49.47,49.79,-0.32,"Copart, Inc.",Industrials,48336228352.0,USD,N/A
TDG,1348.03,1256.64,91.39,TransDigm Group Incorporated,Industrials,76746932224.0,USD,N/A
TFX,242.73,233.6,9.13,Teleflex Incorporated,Healthcare,11593261056.0,USD,N/A
ULTA,373.08,334.57,38.51,"Ulta Beauty, Inc.",Consumer Cyclical,17825376256.0,USD,N/A
ARE,121.91,114.2,7.71,"Alexandria Real Estate Equities, Inc.",Real Estate,21764292608.0,USD,N/A
SYK,367.79,333.16,34.63,Stryker Corporation,Healthcare,141093027840.0,USD,N/A
KVUE,23.08,21.38,1.7,Kenvue Inc.,Consumer Defensive,44795826176.0,USD,N/A
CB,288.56,270.28,18.28,Chubb Limited,Financial Services,116684414976.0,USD,N/A
TSN,61.68,61.64,0.04,"Tyson Foods, Inc.",Consumer Defensive,21847963648.0,USD,N/A
GNRC,140.68,141.42,-0.74,Generac Holdings Inc.,Industrials,8453258752.0,USD,N/A
PEP,177.25,172.81,4.44,"PepsiCo, Inc.",Consumer Defensive,243616382976.0,USD,N/A
PEG,83.31,80.32,2.99,Public Service Enterprise Group Incorporated,Utilities,41925312512.0,USD,N/A
NOW,886.13,821.65,64.48,"ServiceNow, Inc.",Technology,180937998336.0,USD,N/A
LLY,935.02,907.13,27.89,Eli Lilly and Company,Healthcare,831732514816.0,USD,N/A
COST,915.03,869.05,45.98,Costco Wholesale Corporation,Consumer Defensive,406094872576.0,USD,N/A
REG,74.36,70.31,4.05,Regency Centers Corporation,Real Estate,13636269056.0,USD,N/A
NWS,27.17,27.31,-0.14,News Corporation,Communication Services,15082764288.0,USD,N/A
LOW,252.05,237.73,14.32,"Lowe's Companies, Inc.",Consumer Cyclical,144892559360.0,USD,N/A
MDLZ,74.38,70.71,3.67,"Mondelez International, Inc.",Consumer Defensive,100532314112.0,USD,N/A
BKNG,3870.7,3601.8,268.9,Booking Holdings Inc.,Consumer Cyclical,131837722624.0,USD,N/A
ZBRA,337.04,323.85,13.19,Zebra Technologies Corporation,Technology,17407354880.0,USD,N/A
FMC,62.0,60.8,1.2,FMC Corporation,Basic Materials,7927571968.0,USD,N/A
XEL,63.89,59.4,4.49,Xcel Energy Inc.,Utilities,35590864896.0,USD,N/A
AIZ,191.31,185.28,6.03,"Assurant, Inc.",Financial Services,9956744192.0,USD,N/A
MET,75.47,71.15,4.32,"MetLife, Inc.",Financial Services,53357764608.0,USD,N/A
FTV,73.4,69.29,4.11,Fortive Corporation,Technology,25785171968.0,USD,N/A
DLR,160.49,149.36,11.13,"Digital Realty Trust, Inc.",Real Estate,53062275072.0,USD,N/A
ACGL,110.26,99.26,11.0,Arch Capital Group Ltd.,Financial Services,42126012416.0,USD,N/A
FAST,69.82,65.64,4.18,Fastenal Company,Industrials,39982145536.0,USD,N/A
TJX,118.22,110.19,8.03,"The TJX Companies, Inc.",Consumer Cyclical,135130095616.0,USD,N/A
SNA,277.86,272.14,5.72,Snap-on Incorporated,Industrials,14774336512.0,USD,N/A
MPC,161.49,160.81,0.68,Marathon Petroleum Corporation,Energy,54747611136.0,USD,N/A
BR,210.53,208.25,2.28,"Broadridge Financial Solutions, Inc.",Technology,24736473088.0,USD,N/A
D,57.18,55.34,1.84,"Dominion Energy, Inc.",Utilities,48792633344.0,USD,N/A
MRK,115.25,113.83,1.42,"Merck & Co., Inc.",Healthcare,293683101696.0,USD,N/A
STX,100.62,97.55,3.07,Seagate Technology Holdings plc,Technology,21497344000.0,USD,N/A
NOC,518.54,504.58,13.96,Northrop Grumman Corporation,Industrials,76015222784.0,USD,N/A
BXP,78.61,69.53,9.08,"BXP, Inc.",Real Estate,14176224256.0,USD,N/A
KHC,35.2,34.39,0.81,The Kraft Heinz Company,Consumer Defensive,43031158784.0,USD,N/A
IPG,30.54,30.8,-0.26,"The Interpublic Group of Companies, Inc.",Communication Services,11586982912.0,USD,N/A
ABNB,117.36,114.77,2.59,"Airbnb, Inc.",Consumer Cyclical,74467803136.0,USD,N/A
UNP,248.89,239.15,9.74,Union Pacific Corporation,Industrials,151763402752.0,USD,N/A
ALLE,139.12,131.01,8.11,Allegion plc,Industrials,12299873280.0,USD,N/A
ABBV,194.02,192.02,2.0,AbbVie Inc.,Healthcare,343040884736.0,USD,N/A
ORCL,161.38,136.85,24.53,Oracle Corporation,Technology,448980287488.0,USD,N/A
ECL,250.69,240.85,9.84,Ecolab Inc.,Basic Materials,71288143872.0,USD,N/A
ETR,123.55,117.74,5.81,Entergy Corporation,Utilities,27175782400.0,USD,N/A
EBAY,63.18,56.26,6.92,eBay Inc.,Consumer Cyclical,31022159872.0,USD,N/A
SBUX,99.28,92.01,7.27,Starbucks Corporation,Consumer Cyclical,111699525632.0,USD,N/A
IR,89.86,87.3,2.56,Ingersoll Rand Inc.,Industrials,36729147392.0,USD,N/A
AMT,237.14,220.53,16.61,American Tower Corporation,Real Estate,111399051264.0,USD,N/A
INTU,646.37,620.66,25.71,Intuit Inc.,Technology,183678156800.0,USD,N/A
DPZ,405.84,407.61,-1.77,"Domino's Pizza, Inc.",Consumer Cyclical,14077412352.0,USD,N/A
PAYC,167.55,156.28,11.27,"Paycom Software, Inc.",Technology,9727900672.0,USD,N/A
PG,173.47,168.34,5.13,The Procter & Gamble Company,Consumer Defensive,409037537280.0,USD,N/A
CAT,339.58,331.98,7.6,Caterpillar Inc.,Industrials,167440121856.0,USD,N/A
ODFL,191.26,186.72,4.54,"Old Dominion Freight Line, Inc.",Industrials,41275744256.0,USD,N/A
MCD,292.35,272.65,19.7,McDonald's Corporation,Consumer Cyclical,212713717760.0,USD,N/A
MNST,49.91,46.69,3.22,Monster Beverage Corporation,Consumer Defensive,49786970112.0,USD,N/A
AMZN,187.0,171.51,15.49,"Amazon.com, Inc.",Consumer Cyclical,1957324390400.0,USD,N/A
GEHC,87.46,83.9,3.56,GE HealthCare Technologies Inc.,Healthcare,39688499200.0,USD,N/A
EG,379.05,366.29,12.76,"Everest Group, Ltd.",Financial Services,16562931712.0,USD,N/A
INTC,19.36,19.2,0.16,Intel Corporation,Technology,84066156544.0,USD,N/A
PNR,90.8,83.99,6.81,Pentair plc,Industrials,15141411840.0,USD,N/A
GLW,41.86,39.88,1.98,Corning Incorporated,Technology,36367290368.0,USD,N/A
BDX,235.5,233.54,1.96,"Becton, Dickinson and Company",Healthcare,67687849984.0,USD,N/A
KMI,20.94,20.91,0.03,"Kinder Morgan, Inc.",Energy,46919385088.0,USD,N/A
CSGP,77.97,73.94,4.03,"CoStar Group, Inc.",Real Estate,32322267136.0,USD,N/A
PWR,268.5,250.64,17.86,"Quanta Services, Inc.",Industrials,39711330304.0,USD,N/A
APTV,67.0,66.07,0.93,Aptiv PLC,Consumer Cyclical,16200491008.0,USD,N/A
BBWI,27.26,27.6,-0.34,"Bath & Body Works, Inc.",Consumer Cyclical,5962037248.0,USD,N/A
DXCM,68.82,69.39,-0.57,"DexCom, Inc.",Healthcare,27854534656.0,USD,N/A
EXR,177.28,167.17,10.11,Extra Space Storage Inc.,Real Estate,39235842048.0,USD,N/A
WELL,128.83,116.84,11.99,Welltower Inc.,Real Estate,79036956672.0,USD,N/A
HOLX,80.42,80.01,0.41,"Hologic, Inc.",Healthcare,18848872448.0,USD,N/A
EXPD,121.06,119.83,1.23,"Expeditors International of Washington, Inc.",Industrials,17045439488.0,USD,N/A
GM,46.12,43.96,2.16,General Motors Company,Consumer Cyclical,52037496832.0,USD,N/A
TXN,195.98,197.53,-1.55,Texas Instruments Incorporated,Technology,182545285120.0,USD,N/A
VRSK,269.37,266.51,2.86,"Verisk Analytics, Inc.",Industrials,38282149888.0,USD,N/A
FI,173.63,163.67,9.96,"Fiserv, Inc.",Technology,100688543744.0,USD,N/A
SJM,117.98,114.63,3.35,The J. M. Smucker Company,Consumer Defensive,12847460352.0,USD,N/A
TMO,614.16,604.29,9.87,Thermo Fisher Scientific Inc.,Healthcare,233464496128.0,USD,N/A
OXY,50.99,51.39,-0.4,Occidental Petroleum Corporation,Energy,46771855360.0,USD,N/A
RL,175.36,160.37,14.99,Ralph Lauren Corporation,Consumer Cyclical,11064854528.0,USD,N/A
DECK,919.13,871.78,47.35,Deckers Outdoor Corporation,Consumer Cyclical,23760689152.0,USD,N/A
CCI,119.07,110.26,8.81,Crown Castle Inc.,Real Estate,51648286720.0,USD,N/A
MMM,132.03,126.28,5.75,3M Company,Industrials,73162956800.0,USD,N/A
MOS,25.18,24.97,0.21,The Mosaic Company,Basic Materials,8408857088.0,USD,N/A
FTNT,74.49,72.06,2.43,"Fortinet, Inc.",Technology,57375752192.0,USD,N/A
HSY,198.46,192.34,6.12,The Hershey Company,Consumer Defensive,40625500160.0,USD,N/A
JNPR,38.55,38.4,0.15,"Juniper Networks, Inc.",Technology,12705691648.0,USD,N/A
DHI,188.81,175.8,13.01,"D.R. Horton, Inc.",Consumer Cyclical,63473438720.0,USD,N/A
ED,103.39,99.78,3.61,"Consolidated Edison, Inc.",Utilities,36193128448.0,USD,N/A
ES,67.5,65.19,2.31,Eversource Energy,Utilities,24291459072.0,USD,N/A
ADSK,259.47,246.09,13.38,"Autodesk, Inc.",Technology,56885751808.0,USD,N/A
GL,102.28,94.42,7.86,Globe Life Inc.,Financial Services,9323295744.0,USD,N/A
INVH,36.28,35.35,0.93,Invitation Homes Inc.,Real Estate,22678228992.0,USD,N/A
IP,47.94,45.61,2.33,International Paper Company,Consumer Cyclical,16917357568.0,USD,N/A
EXPE,132.22,130.22,2.0,"Expedia Group, Inc.",Consumer Cyclical,17674403840.0,USD,N/A
KO,71.23,68.91,2.32,The Coca-Cola Company,Consumer Defensive,307767836672.0,USD,N/A
PCAR,95.07,92.96,2.11,PACCAR Inc,Industrials,49863999488.0,USD,N/A
RVTY,120.15,116.14,4.01,"Revvity, Inc.",Healthcare,15050814464.0,USD,N/A
WDC,63.25,61.24,2.01,Western Digital Corporation,Technology,22331248640.0,USD,N/A
PYPL,70.36,65.91,4.45,"PayPal Holdings, Inc.",Financial Services,71665328128.0,USD,N/A
NEE,83.46,77.98,5.48,"NextEra Energy, Inc.",Utilities,173985382400.0,USD,N/A
UPS,128.42,126.76,1.66,"United Parcel Service, Inc.",Industrials,108990980096.0,USD,N/A
ELV,545.85,534.72,11.13,"Elevance Health, Inc.",Healthcare,127732088832.0,USD,N/A
EMR,101.47,98.84,2.63,Emerson Electric Co.,Industrials,58361159680.0,USD,N/A
MSFT,427.0,404.04,22.96,Microsoft Corporation,Technology,3200592642048.0,USD,N/A
ANSS,319.13,307.58,11.55,"ANSYS, Inc.",Technology,27833507840.0,USD,N/A
CTAS,206.02,191.4,14.62,Cintas Corporation,Industrials,83747102720.0,USD,N/A
BIO,321.93,312.81,9.12,"Bio-Rad Laboratories, Inc.",Healthcare,9094622208.0,USD,N/A
UDR,46.55,42.12,4.43,"UDR, Inc.",Real Estate,17707872256.0,USD,N/A
CTLT,59.69,59.42,0.27,"Catalent, Inc.",Healthcare,10818883584.0,USD,N/A
WEC,95.01,89.92,5.09,"WEC Energy Group, Inc.",Utilities,30296172544.0,USD,N/A
UBER,68.09,68.67,-0.58,"Uber Technologies, Inc.",Technology,152276140032.0,USD,N/A
AME,166.89,162.22,4.67,"AMETEK, Inc.",Industrials,38784593920.0,USD,N/A
IT,505.67,480.31,25.36,"Gartner, Inc.",Technology,39343501312.0,USD,N/A
DD,80.41,79.3,1.11,"DuPont de Nemours, Inc.",Basic Materials,33992441856.0,USD,N/A
ACN,349.89,322.47,27.42,Accenture plc,Technology,218971308032.0,USD,N/A
VRSN,179.97,175.76,4.21,"VeriSign, Inc.",Technology,17842255872.0,USD,N/A
EW,68.13,66.27,1.86,Edwards Lifesciences Corporation,Healthcare,41276444672.0,USD,N/A
CMG,56.35,52.17,4.18,"Chipotle Mexican Grill, Inc.",Consumer Cyclical,76855214080.0,USD,N/A
AWK,147.13,140.84,6.29,"American Water Works Company, Inc.",Utilities,28865058816.0,USD,N/A
COO,108.86,93.31,15.55,"The Cooper Companies, Inc.",Healthcare,22012712960.0,USD,N/A
SHW,373.97,351.66,22.31,The Sherwin-Williams Company,Basic Materials,94697652224.0,USD,N/A
HPQ,33.1,33.38,-0.28,HP Inc.,Technology,32100753408.0,USD,N/A
AMAT,183.21,178.13,5.08,"Applied Materials, Inc.",Technology,155375419392.0,USD,N/A
CCL,16.92,14.99,1.93,Carnival Corporation & plc,Consumer Cyclical,22612844544.0,USD,N/A
MLM,515.33,507.96,7.37,"Martin Marietta Materials, Inc.",Basic Materials,31822450688.0,USD,N/A
AVY,218.47,210.24,8.23,Avery Dennison Corporation,Consumer Cyclical,17667502080.0,USD,N/A
EVRG,60.36,58.11,2.25,"Evergy, Inc.",Utilities,14041235456.0,USD,N/A
EA,144.75,144.51,0.24,Electronic Arts Inc.,Communication Services,38528286720.0,USD,N/A
DE,387.0,354.73,32.27,Deere & Company,Industrials,107984445440.0,USD,N/A
VLTO,109.3,108.53,0.77,Veralto Corporation,Industrials,27186601984.0,USD,N/A
SPG,163.74,157.14,6.6,"Simon Property Group, Inc.",Real Estate,61488967680.0,USD,N/A
AMD,150.77,136.7,14.07,"Advanced Micro Devices, Inc.",Technology,246510682112.0,USD,N/A
KLAC,733.28,716.14,17.14,KLA Corporation,Technology,101020385280.0,USD,N/A
NDAQ,72.57,69.37,3.2,"Nasdaq, Inc.",Financial Services,41956016128.0,USD,N/A
URI,712.63,687.39,25.24,"United Rentals, Inc.",Industrials,48244154368.0,USD,N/A
RTX,120.1,117.51,2.59,RTX Corporation,Industrials,158458200064.0,USD,N/A
NXPI,225.14,228.64,-3.5,NXP Semiconductors N.V.,Technology,58570756096.0,USD,N/A
PNC,177.6,169.91,7.69,"The PNC Financial Services Group, Inc.",Financial Services,70452191232.0,USD,N/A
KMX,76.28,76.21,0.07,"CarMax, Inc.",Consumer Cyclical,12295904256.0,USD,N/A
MTCH,34.99,34.49,0.5,"Match Group, Inc.",Communication Services,9031483392.0,USD,N/A
BIIB,197.89,198.81,-0.92,Biogen Inc.,Healthcare,28495857664.0,USD,N/A
NVDA,119.14,105.49,13.65,NVIDIA Corporation,Technology,2921523052544.0,USD,N/A
CHRW,99.46,98.42,1.04,"C.H. Robinson Worldwide, Inc.",Industrials,11736509440.0,USD,N/A
ROP,551.31,528.37,22.94,"Roper Technologies, Inc.",Technology,59156697088.0,USD,N/A
IDXX,497.04,471.82,25.22,"IDEXX Laboratories, Inc.",Healthcare,41198219264.0,USD,N/A
EXC,39.86,37.35,2.51,Exelon Corporation,Utilities,40250114048.0,USD,N/A
HES,127.64,127.5,0.14,Hess Corporation,Energy,39614349312.0,USD,N/A
HD,374.43,352.59,21.84,"The Home Depot, Inc.",Consumer Cyclical,377441386496.0,USD,N/A
ALB,88.5,74.72,13.78,Albemarle Corporation,Basic Materials,10277086208.0,USD,N/A
VLO,134.12,134.59,-0.47,Valero Energy Corporation,Energy,43014217728.0,USD,N/A
AON,348.26,330.02,18.24,Aon plc,Financial Services,75567628288.0,USD,N/A
ZTS,190.71,182.01,8.7,Zoetis Inc.,Healthcare,86573514752.0,USD,N/A
FDX,286.0,284.61,1.39,FedEx Corporation,Industrials,70152511488.0,USD,N/A
DG,83.21,84.9,-1.69,Dollar General Corporation,Consumer Defensive,18637797376.0,USD,N/A
TYL,583.17,574.07,9.1,"Tyler Technologies, Inc.",Technology,24833806336.0,USD,N/A
HIG,115.17,108.85,6.32,"The Hartford Financial Services Group, Inc.",Financial Services,33802096640.0,USD,N/A
CMS,69.31,66.31,3.0,CMS Energy Corporation,Utilities,20937914368.0,USD,N/A
CAG,31.75,30.43,1.32,"Conagra Brands, Inc.",Consumer Defensive,15353551872.0,USD,N/A
INCY,63.36,61.69,1.67,Incyte Corporation,Healthcare,12241528832.0,USD,N/A
SCHW,61.74,62.12,-0.38,The Charles Schwab Corporation,Financial Services,113638604800.0,USD,N/A
HSIC,68.17,67.48,0.69,"Henry Schein, Inc.",Healthcare,8917708800.0,USD,N/A
AZO,3104.76,3104.68,0.08,"AutoZone, Inc.",Consumer Cyclical,53355737088.0,USD,N/A
AXP,255.15,241.08,14.07,American Express Company,Financial Services,184126210048.0,USD,N/A
HPE,16.86,16.41,0.45,Hewlett Packard Enterprise Company,Technology,22272188416.0,USD,N/A
DFS,129.26,127.82,1.44,Discover Financial Services,Financial Services,32973285376.0,USD,N/A
HRL,31.62,31.22,0.4,Hormel Foods Corporation,Consumer Defensive,17591519232.0,USD,N/A
SO,88.49,86.17,2.32,The Southern Company,Utilities,97898340352.0,USD,N/A
FRT,116.26,112.31,3.95,Federal Realty Investment Trust,Real Estate,9895846912.0,USD,N/A
ZBH,105.14,105.64,-0.5,"Zimmer Biomet Holdings, Inc.",Healthcare,21640062976.0,USD,N/A
CME,217.3,206.82,10.48,CME Group Inc.,Financial Services,78137450496.0,USD,N/A
XOM,111.23,110.32,0.91,Exxon Mobil Corporation,Energy,493820542976.0,USD,N/A
AMP,435.38,412.41,22.97,"Ameriprise Financial, Inc.",Financial Services,43241324544.0,USD,N/A
CVX,139.21,138.96,0.25,Chevron Corporation,Energy,255171985408.0,USD,N/A
CMCSA,39.31,38.83,0.48,Comcast Corporation,Communication Services,153157369856.0,USD,N/A
PCG,19.67,18.54,1.13,PG&E Corporation,Utilities,51702505472.0,USD,N/A
PNW,89.22,86.13,3.09,Pinnacle West Capital Corporation,Utilities,10304608256.0,USD,N/A
ICE,161.14,155.45,5.69,"Intercontinental Exchange, Inc.",Financial Services,92643557376.0,USD,N/A
BEN,19.67,19.49,0.18,"Franklin Resources, Inc.",Financial Services,10407660544.0,USD,N/A
UHS,231.36,222.42,8.94,"Universal Health Services, Inc.",Healthcare,15514821632.0,USD,N/A
BKR,33.29,33.17,0.12,Baker Hughes Company,Energy,33414029312.0,USD,N/A
EMN,99.62,96.24,3.38,Eastman Chemical Company,Basic Materials,12048266240.0,USD,N/A
SBAC,239.85,217.55,22.3,SBA Communications Corporation,Real Estate,26110322688.0,USD,N/A
ROK,258.0,257.31,0.69,"Rockwell Automation, Inc.",Industrials,29832744960.0,USD,N/A
PTC,170.94,166.63,4.31,PTC Inc.,Technology,20690849792.0,USD,N/A
NRG,79.8,77.34,2.46,"NRG Energy, Inc.",Utilities,16725035008.0,USD,N/A
NSC,254.59,239.4,15.19,Norfolk Southern Corporation,Industrials,55574396928.0,USD,N/A
NKE,78.4,78.8,-0.4,"NIKE, Inc.",Consumer Cyclical,118464438272.0,USD,N/A
FIS,84.25,78.71,5.54,"Fidelity National Information Services, Inc.",Technology,45903925248.0,USD,N/A
FANG,170.86,171.81,-0.95,"Diamondback Energy, Inc.",Energy,50983563264.0,USD,N/A
VTR,65.0,58.74,6.26,"Ventas, Inc.",Real Estate,26879797248.0,USD,N/A
MAS,78.92,74.87,4.05,Masco Corporation,Industrials,17505751040.0,USD,N/A
RF,21.93,21.14,0.79,Regions Financial Corporation,Financial Services,20105295872.0,USD,N/A
ETSY,51.74,51.98,-0.24,"Etsy, Inc.",Consumer Cyclical,6385949184.0,USD,N/A
AMCR,10.88,10.56,0.32,Amcor plc,Consumer Cyclical,15884286976.0,USD,N/A
TAP,54.31,52.87,1.44,Molson Coors Beverage Company,Consumer Defensive,11387963392.0,USD,N/A
MAR,230.7,218.26,12.44,"Marriott International, Inc.",Consumer Cyclical,65240141824.0,USD,N/A
XYL,131.01,127.79,3.22,Xylem Inc.,Industrials,31777689600.0,USD,N/A
CMI,297.25,293.85,3.4,Cummins Inc.,Industrials,41406312448.0,USD,N/A
MTD,1373.4,1381.21,-7.81,Mettler-Toledo International Inc.,Healthcare,29347428352.0,USD,N/A
CPAY,305.81,287.64,18.17,"Corpay, Inc.",Technology,21345785856.0,USD,N/A
KR,55.2,51.89,3.31,The Kroger Co.,Consumer Defensive,40422928384.0,USD,N/A
PLD,130.29,123.65,6.64,"Prologis, Inc.",Real Estate,120349900800.0,USD,N/A
IBM,211.61,193.06,18.55,International Business Machines Corporation,Technology,197853380608.0,USD,N/A
USB,43.85,42.85,1.0,U.S. Bancorp,Financial Services,69629952000.0,USD,N/A
BSX,83.83,76.71,7.12,Boston Scientific Corporation,Healthcare,122684801024.0,USD,N/A
LKQ,39.69,39.17,0.52,LKQ Corporation,Consumer Cyclical,10804026368.0,USD,N/A
LIN,467.34,452.56,14.78,Linde plc,Basic Materials,223858180096.0,USD,N/A
ITW,248.2,240.13,8.07,Illinois Tool Works Inc.,Industrials,74744578048.0,USD,N/A
EOG,118.22,119.18,-0.96,"EOG Resources, Inc.",Energy,67873783808.0,USD,N/A
KMB,142.38,139.41,2.97,Kimberly-Clark Corporation,Consumer Defensive,48338112512.0,USD,N/A
SPGI,520.01,492.89,27.12,S&P Global Inc.,Financial Services,162587852800.0,USD,N/A
NEM,52.88,49.46,3.42,Newmont Corporation,Basic Materials,61628465152.0,USD,N/A
LULU,260.14,243.59,16.55,Lululemon Athletica Inc.,Consumer Cyclical,32751992832.0,USD,N/A
WFC,51.57,52.25,-0.68,Wells Fargo & Company,Financial Services,179650985984.0,USD,N/A
CTVA,55.7,52.28,3.42,"Corteva, Inc.",Basic Materials,39201947648.0,USD,N/A
EL,84.2,85.12,-0.92,The Est√©e Lauder Companies Inc.,Consumer Defensive,30333278208.0,USD,N/A
GS,474.06,470.82,3.24,"The Goldman Sachs Group, Inc.",Financial Services,151265034240.0,USD,N/A
GD,300.67,291.42,9.25,General Dynamics Corporation,Industrials,83752329216.0,USD,N/A
CNP,27.59,25.98,1.61,"CenterPoint Energy, Inc.",Utilities,18202568704.0,USD,N/A
PM,124.65,118.18,6.47,Philip Morris International Inc.,Consumer Defensive,195313975296.0,USD,N/A
MCO,478.75,466.8,11.95,Moody's Corporation,Financial Services,86846783488.0,USD,N/A
CLX,164.97,145.95,19.02,The Clorox Company,Consumer Defensive,20594534400.0,USD,N/A
CAH,112.39,103.79,8.6,"Cardinal Health, Inc.",Healthcare,27595937792.0,USD,N/A
PANW,345.16,336.7,8.46,"Palo Alto Networks, Inc.",Technology,112950640640.0,USD,N/A
MPWR,895.91,817.23,78.68,"Monolithic Power Systems, Inc.",Technology,44564201472.0,USD,N/A
DGX,154.76,150.42,4.34,Quest Diagnostics Incorporated,Healthcare,17185118208.0,USD,N/A
AVB,231.7,213.84,17.86,"AvalonBay Communities, Inc.",Real Estate,33385439232.0,USD,N/A
DIS,89.3,86.24,3.06,The Walt Disney Company,Communication Services,164220583936.0,USD,N/A
SW,44.59,41.05,3.54,Smurfit Westrock Plc,Consumer Cyclical,23328032768.0,USD,N/A
CBRE,117.48,111.07,6.41,"CBRE Group, Inc.",Real Estate,36361105408.0,USD,N/A
GE,169.7,162.58,7.12,GE Aerospace,Industrials,193310785536.0,USD,N/A
HII,258.28,259.15,-0.87,"Huntington Ingalls Industries, Inc.",Industrials,10256735232.0,USD,N/A
LDOS,154.09,146.23,7.86,"Leidos Holdings, Inc.",Technology,20948027392.0,USD,N/A
ALL,186.1,173.71,12.39,The Allstate Corporation,Financial Services,49718919168.0,USD,N/A
ETN,303.38,287.16,16.22,Eaton Corporation plc,Industrials,121738977280.0,USD,N/A
ALGN,228.86,221.83,7.03,"Align Technology, Inc.",Healthcare,18205925376.0,USD,N/A
NFLX,686.8,653.36,33.44,"Netflix, Inc.",Communication Services,299153752064.0,USD,N/A
LEN,181.38,170.46,10.92,Lennar Corporation,Consumer Cyclical,50547625984.0,USD,N/A
FITB,41.17,39.75,1.42,Fifth Third Bancorp,Financial Services,28435744768.0,USD,N/A
WST,297.48,294.5,2.98,"West Pharmaceutical Services, Inc.",Healthcare,21811083264.0,USD,N/A
GWW,996.93,943.17,53.76,"W.W. Grainger, Inc.",Industrials,48523956224.0,USD,N/A
TRGP,146.72,137.93,8.79,Targa Resources Corp.,Energy,32465465344.0,USD,N/A
NTRS,87.45,84.41,3.04,Northern Trust Corporation,Financial Services,17792536576.0,USD,N/A
FICO,1862.08,1705.51,156.57,Fair Isaac Corporation,Technology,45824094208.0,USD,N/A
AXON,384.51,357.77,26.74,"Axon Enterprise, Inc.",Industrials,28688760832.0,USD,N/A
CVS,57.53,56.17,1.36,CVS Health Corporation,Healthcare,72937684992.0,USD,N/A
AOS,79.4,77.58,1.82,A. O. Smith Corporation,Industrials,11663223808.0,USD,N/A
FE,44.06,42.51,1.55,FirstEnergy Corp.,Utilities,25611251712.0,USD,N/A
JPM,206.6,207.48,-0.88,JPMorgan Chase & Co.,Financial Services,581323128832.0,USD,N/A
ABT,116.83,109.13,7.7,Abbott Laboratories,Healthcare,202524360704.0,USD,N/A
OMC,98.55,95.03,3.52,Omnicom Group Inc.,Communication Services,19559030784.0,USD,N/A
COF,137.54,135.29,2.25,Capital One Financial Corporation,Financial Services,53066530816.0,USD,N/A
TSCO,279.49,262.44,17.05,Tractor Supply Company,Consumer Cyclical,30522611712.0,USD,N/A
PH,587.55,574.28,13.27,Parker-Hannifin Corporation,Industrials,76042674176.0,USD,N/A
HST,17.2,16.25,0.95,"Host Hotels & Resorts, Inc.",Real Estate,24904327168.0,USD,N/A
JBHT,168.86,164.97,3.89,"J.B. Hunt Transport Services, Inc.",Industrials,17201127424.0,USD,N/A
MRNA,69.68,71.61,-1.93,"Moderna, Inc.",Healthcare,26246557696.0,USD,N/A
TSLA,229.81,204.26,25.55,"Tesla, Inc.",Consumer Cyclical,735693570048.0,USD,N/A
MOH,352.94,327.01,25.93,"Molina Healthcare, Inc.",Healthcare,20990521344.0,USD,N/A
ATO,134.77,129.4,5.37,Atmos Energy Corporation,Utilities,21262262272.0,USD,N/A
COP,102.9,103.79,-0.89,ConocoPhillips,Energy,120189378560.0,USD,N/A
DHR,272.49,265.29,7.2,Danaher Corporation,Healthcare,198066913280.0,USD,N/A
CNC,74.82,71.73,3.09,Centene Corporation,Healthcare,39636361216.0,USD,N/A
MCK,511.17,511.05,0.12,McKesson Corporation,Healthcare,67277725696.0,USD,N/A
TXT,86.95,86.26,0.69,Textron Inc.,Industrials,16431734784.0,USD,N/A
MTB,165.68,161.22,4.46,M&T Bank Corporation,Financial Services,28203128832.0,USD,N/A
FDS,439.88,405.5,34.38,FactSet Research Systems Inc.,Financial Services,16941494272.0,USD,N/A
VTRS,11.75,11.22,0.53,Viatris Inc.,Healthcare,13916442624.0,USD,N/A
AKAM,97.3,95.44,1.86,"Akamai Technologies, Inc.",Technology,14929856512.0,USD,N/A
ROL,50.15,48.47,1.68,"Rollins, Inc.",Consumer Cyclical,24443326464.0,USD,N/A
RMD,250.71,223.48,27.23,ResMed Inc.,Healthcare,36575780864.0,USD,N/A
WRB,57.78,56.93,0.85,W. R. Berkley Corporation,Financial Services,22201346048.0,USD,N/A
GOOGL,154.69,150.23,4.46,Alphabet Inc.,Communication Services,1943418568704.0,USD,N/A
BRO,102.17,100.51,1.66,"Brown & Brown, Inc.",Financial Services,29418964992.0,USD,N/A
ANET,355.36,318.54,36.82,"Arista Networks, Inc.",Technology,113019682816.0,USD,N/A
PAYX,134.19,125.99,8.2,"Paychex, Inc.",Technology,48597549056.0,USD,N/A
DRI,158.51,142.66,15.85,"Darden Restaurants, Inc.",Consumer Cyclical,18983856128.0,USD,N/A
META,525.6,503.98,21.62,"Meta Platforms, Inc.",Communication Services,1327194046464.0,USD,N/A
AAL,10.88,9.89,0.99,American Airlines Group Inc.,Industrials,7020165632.0,USD,N/A
COR,237.65,234.54,3.11,"Cencora, Inc.",Healthcare,47018401792.0,USD,N/A
MAA,164.44,153.93,10.51,"Mid-America Apartment Communities, Inc.",Real Estate,19936614400.0,USD,N/A
MMC,230.03,219.01,11.02,"Marsh & McLennan Companies, Inc.",Financial Services,112946511872.0,USD,N/A
FOXA,38.91,39.19,-0.28,Fox Corporation,Communication Services,17574139904.0,USD,N/A
POOL,346.49,341.85,4.64,Pool Corporation,Industrials,13620577280.0,USD,N/A
CZR,36.53,35.13,1.4,"Caesars Entertainment, Inc.",Consumer Cyclical,8409057792.0,USD,N/A
FFIV,205.95,193.1,12.85,"F5, Inc.",Technology,12257792000.0,USD,N/A
CRWD,257.1,249.36,7.74,"CrowdStrike Holdings, Inc.",Technology,63519502336.0,USD,N/A
CINF,135.12,129.45,5.67,Cincinnati Financial Corporation,Financial Services,21220517888.0,USD,N/A
VMC,236.27,234.09,2.18,Vulcan Materials Company,Basic Materials,31360288768.0,USD,N/A
MKTX,256.41,233.79,22.62,MarketAxess Holdings Inc.,Financial Services,9707171840.0,USD,N/A
SRE,81.7,78.99,2.71,Sempra,Utilities,52532121600.0,USD,N/A
LHX,228.17,227.12,1.05,"L3Harris Technologies, Inc.",Industrials,43588517888.0,USD,N/A
ORLY,1119.93,1115.24,4.69,"O'Reilly Automotive, Inc.",Consumer Cyclical,65284255744.0,USD,N/A
IVZ,15.86,15.89,-0.03,Invesco Ltd.,Financial Services,7205012480.0,USD,N/A
RCL,165.57,154.34,11.23,Royal Caribbean Cruises Ltd.,Consumer Cyclical,43236265984.0,USD,N/A
SNPS,488.95,474.06,14.89,"Synopsys, Inc.",Technology,75281612800.0,USD,N/A
GOOG,155.54,151.45,4.09,Alphabet Inc.,Communication Services,1943421583360.0,USD,N/A
EPAM,202.3,196.45,5.85,"EPAM Systems, Inc.",Technology,11494118400.0,USD,N/A
NDSN,248.24,238.57,9.67,Nordson Corporation,Industrials,14398873600.0,USD,N/A
YUM,133.41,133.38,0.03,"Yum! Brands, Inc.",Consumer Cyclical,37577699328.0,USD,N/A
EQT,32.86,31.41,1.45,EQT Corporation,Energy,19715821568.0,USD,N/A
LYV,97.27,92.44,4.83,"Live Nation Entertainment, Inc.",Communication Services,22944468992.0,USD,N/A
PFE,29.16,28.44,0.72,Pfizer Inc.,Healthcare,165864308736.0,USD,N/A
AVGO,164.56,140.07,24.49,Broadcom Inc.,Technology,783209594880.0,USD,N/A
DUK,115.97,112.42,3.55,Duke Energy Corporation,Utilities,90587013120.0,USD,N/A
REGN,1164.46,1137.94,26.52,"Regeneron Pharmaceuticals, Inc.",Healthcare,127139536896.0,USD,N/A
CL,106.34,101.41,4.93,Colgate-Palmolive Company,Consumer Defensive,86390611968.0,USD,N/A
VZ,43.86,40.32,3.54,Verizon Communications Inc.,Communication Services,187028979712.0,USD,N/A
JCI,71.22,68.32,2.9,Johnson Controls International plc,Industrials,48464420864.0,USD,N/A
DAY,58.76,53.78,4.98,Dayforce Inc,Technology,9392720896.0,USD,N/A
FSLR,235.95,208.81,27.14,"First Solar, Inc.",Technology,24491282432.0,USD,N/A
AMGN,330.06,321.89,8.17,Amgen Inc.,Healthcare,178635046912.0,USD,N/A
TEL,144.12,144.39,-0.27,TE Connectivity Ltd.,Technology,44323545088.0,USD,N/A
JBL,103.8,101.9,1.9,Jabil Inc.,Technology,12013826048.0,USD,N/A
VST,80.47,74.91,5.56,Vistra Corp.,Utilities,29391644672.0,USD,N/A
JKHY,175.54,165.16,10.38,"Jack Henry & Associates, Inc.",Technology,12836965376.0,USD,N/A
ADP,278.4,263.64,14.76,"Automatic Data Processing, Inc.",Technology,113167196160.0,USD,N/A
ON,69.33,68.92,0.41,ON Semiconductor Corporation,Technology,30721693696.0,USD,N/A
STT,82.58,79.61,2.97,State Street Corporation,Financial Services,24869072896.0,USD,N/A
RSG,205.24,201.18,4.06,"Republic Services, Inc.",Industrials,64632049664.0,USD,N/A
IFF,103.44,97.34,6.1,International Flavors & Fragrances Inc.,Basic Materials,26483716096.0,USD,N/A
CARR,75.37,66.51,8.86,Carrier Global Corporation,Industrials,69069553664.0,USD,N/A
TRMB,55.68,53.07,2.61,Trimble Inc.,Technology,13797751808.0,USD,N/A
QCOM,164.98,159.9,5.08,QUALCOMM Incorporated,Technology,186851213312.0,USD,N/A
LYB,93.86,94.01,-0.15,LyondellBasell Industries N.V.,Basic Materials,30291791872.0,USD,N/A
GIS,73.01,69.41,3.6,"General Mills, Inc.",Consumer Defensive,41028460544.0,USD,N/A
PHM,135.3,123.21,12.09,"PulteGroup, Inc.",Consumer Cyclical,28957896704.0,USD,N/A
ROST,152.68,142.69,9.99,"Ross Stores, Inc.",Consumer Cyclical,51506049024.0,USD,N/A
LUV,28.87,25.82,3.05,Southwest Airlines Co.,Industrials,17183821824.0,USD,N/A
LW,63.87,59.6,4.27,"Lamb Weston Holdings, Inc.",Consumer Defensive,9219367936.0,USD,N/A
MS,96.64,97.28,-0.64,Morgan Stanley,Financial Services,158954749952.0,USD,N/A
CPB,49.78,49.04,0.74,Campbell Soup Company,Consumer Defensive,15253123072.0,USD,N/A
OKE,90.5,86.33,4.17,"ONEOK, Inc.",Energy,53366841344.0,USD,N/A
BK,69.02,64.0,5.02,The Bank of New York Mellon Corporation,Financial Services,50697711616.0,USD,N/A
J,142.5,142.7,-0.2,Jacobs Solutions Inc.,Industrials,17886742528.0,USD,N/A
SYF,46.41,46.19,0.22,Synchrony Financial,Financial Services,18627049472.0,USD,N/A
CHD,103.55,100.6,2.95,"Church & Dwight Co., Inc.",Consumer Defensive,25470554112.0,USD,N/A
HWM,94.23,92.0,2.23,Howmet Aerospace Inc.,Industrials,38888247296.0,USD,N/A
MHK,150.08,145.4,4.68,"Mohawk Industries, Inc.",Consumer Cyclical,9880982528.0,USD,N/A
TFC,41.63,41.92,-0.29,Truist Financial Corporation,Financial Services,56029618176.0,USD,N/A
DAL,44.27,39.29,4.98,"Delta Air Lines, Inc.",Industrials,29160030208.0,USD,N/A
APA,23.7,24.19,-0.49,APA Corporation,Energy,8855525376.0,USD,N/A
K,80.26,75.13,5.13,Kellanova,Consumer Defensive,27749644288.0,USD,N/A
AFL,107.97,102.61,5.36,Aflac Incorporated,Financial Services,60813217792.0,USD,N/A
CSX,33.45,33.38,0.07,CSX Corporation,Industrials,64986566656.0,USD,N/A
NI,33.63,31.84,1.79,NiSource Inc.,Utilities,15276252160.0,USD,N/A
CPT,123.1,120.13,2.97,Camden Property Trust,Real Estate,13393355776.0,USD,N/A
PFG,80.24,75.85,4.39,"Principal Financial Group, Inc.",Financial Services,18832410624.0,USD,N/A
NCLH,19.03,15.81,3.22,Norwegian Cruise Line Holdings Ltd.,Consumer Cyclical,8499227136.0,USD,N/A
RJF,116.98,112.57,4.41,"Raymond James Financial, Inc.",Financial Services,24278620160.0,USD,N/A
HBAN,14.2,13.64,0.56,Huntington Bancshares Incorporated,Financial Services,20885942272.0,USD,N/A
UNH,588.42,577.2,11.22,UnitedHealth Group Incorporated,Healthcare,548805771264.0,USD,N/A
PRU,115.84,110.67,5.17,"Prudential Financial, Inc.",Financial Services,41504821248.0,USD,N/A
GPC,136.21,135.12,1.09,Genuine Parts Company,Consumer Cyclical,19135328256.0,USD,N/A
WTW,289.64,276.59,13.05,Willis Towers Watson Public Limited Company,Financial Services,29522329600.0,USD,N/A
WMB,45.09,43.39,1.7,"The Williams Companies, Inc.",Energy,54888419328.0,USD,N/A
EQR,77.38,71.78,5.6,Equity Residential,Real Estate,30513664000.0,USD,N/A
DVA,157.64,146.98,10.66,DaVita Inc.,Healthcare,13722683392.0,USD,N/A
AIG,73.18,72.17,1.01,"American International Group, Inc.",Financial Services,47079256064.0,USD,N/A
MA,492.11,462.72,29.39,Mastercard Incorporated,Financial Services,455783219200.0,USD,N/A
HON,204.67,197.85,6.82,Honeywell International Inc.,Industrials,132630323200.0,USD,N/A
VICI,33.57,31.68,1.89,VICI Properties Inc.,Real Estate,35561889792.0,USD,N/A
O,62.41,60.02,2.39,Realty Income Corporation,Real Estate,54612127744.0,USD,N/A
NWSA,25.96,26.19,-0.23,News Corporation,Communication Services,15082753024.0,USD,N/A
TTWO,153.61,146.55,7.06,"Take-Two Interactive Software, Inc.",Communication Services,26674567168.0,USD,N/A
AES,18.12,16.38,1.74,The AES Corporation,Utilities,13180531712.0,USD,N/A
SLB,39.8,40.17,-0.37,Schlumberger Limited,Energy,56736804864.0,USD,N/A
DOC,22.41,21.58,0.83,"Healthpeak Properties, Inc.",Real Estate,15786423296.0,USD,N/A
TT,359.67,341.59,18.08,Trane Technologies plc,Industrials,82195783680.0,USD,N/A
TGT,148.44,138.09,10.35,Target Corporation,Consumer Defensive,69727772672.0,USD,N/A
AAPL,222.77,221.17,1.6,Apple Inc.,Technology,3382912221184.0,USD,N/A
MKC,83.17,77.57,5.6,"McCormick & Company, Incorporated",Consumer Defensive,22496178176.0,USD,N/A
OTIS,92.72,91.8,0.92,Otis Worldwide Corporation,Industrials,37724270592.0,USD,N/A
CEG,189.93,175.27,14.66,Constellation Energy Corporation,Utilities,61280788480.0,USD,N/A
TDY,427.59,410.95,16.64,Teledyne Technologies Incorporated,Technology,20011941888.0,USD,N/A
WY,31.41,30.06,1.35,Weyerhaeuser Company,Real Estate,23601373184.0,USD,N/A
APD,280.02,269.84,10.18,"Air Products and Chemicals, Inc.",Basic Materials,63166078976.0,USD,N/A
GRMN,182.76,171.03,11.73,Garmin Ltd.,Technology,33191512064.0,USD,N/A
AEE,83.5,81.62,1.88,Ameren Corporation,Utilities,22409959424.0,USD,N/A
BX,146.5,134.32,12.18,Blackstone Inc.,Financial Services,184663474176.0,USD,N/A
HLT,216.13,206.61,9.52,Hilton Worldwide Holdings Inc.,Consumer Cyclical,53430304768.0,USD,N/A
DLTR,67.89,67.25,0.64,"Dollar Tree, Inc.",Consumer Defensive,14984941568.0,USD,N/A
STE,246.48,232.0,14.48,STERIS plc,Healthcare,24144328704.0,USD,N/A
HAS,67.31,64.51,2.8,"Hasbro, Inc.",Consumer Cyclical,9581444096.0,USD,N/A
TMUS,202.41,194.14,8.27,"T-Mobile US, Inc.",Communication Services,236657999872.0,USD,N/A
WMT,79.66,69.33,10.33,Walmart Inc.,Consumer Defensive,647882932224.0,USD,N/A
NTAP,116.46,116.1,0.36,"NetApp, Inc.",Technology,24025143296.0,USD,N/A
KIM,23.65,22.04,1.61,Kimco Realty Corporation,Real Estate,16192171008.0,USD,N/A
BAX,39.38,35.0,4.38,Baxter International Inc.,Healthcare,20264269824.0,USD,N/A
LMT,568.27,556.04,12.23,Lockheed Martin Corporation,Industrials,135842603008.0,USD,N/A
KKR,120.36,116.61,3.75,KKR & Co. Inc.,Financial Services,113222582272.0,USD,N/A
KEY,16.1,15.78,0.32,KeyCorp,Financial Services,14933386240.0,USD,N/A
KEYS,148.42,130.32,18.1,"Keysight Technologies, Inc.",Technology,26038390784.0,USD,N/A
BMY,48.24,47.81,0.43,Bristol-Myers Squibb Company,Healthcare,99606159360.0,USD,N/A
PSA,359.12,321.44,37.68,Public Storage,Real Estate,62859464704.0,USD,N/A
WYNN,76.26,74.37,1.89,"Wynn Resorts, Limited",Consumer Cyclical,8708431872.0,USD,N/A
EFX,297.77,293.59,4.18,Equifax Inc.,Industrials,37956018176.0,USD,N/A
NUE,140.6,139.19,1.41,Nucor Corporation,Basic Materials,34079363072.0,USD,N/A
PKG,208.42,195.6,12.82,Packaging Corporation of America,Consumer Cyclical,18884726784.0,USD,N/A
GDDY,152.61,151.51,1.1,GoDaddy Inc.,Technology,21467367424.0,USD,N/A
WAB,167.73,157.44,10.29,Westinghouse Air Brake Technologies Corporation,Industrials,29602424832.0,USD,N/A
CTSH,76.31,74.62,1.69,Cognizant Technology Solutions Corporation,Technology,38269751296.0,USD,N/A
GEV,215.27,183.21,32.06,GE Vernova Inc.,Utilities,61992579072.0,USD,N/A
SWK,97.83,96.12,1.71,"Stanley Black & Decker, Inc.",Industrials,15603744768.0,USD,N/A
CRL,194.32,189.68,4.64,"Charles River Laboratories International, Inc.",Healthcare,10254372864.0,USD,N/A
MU,87.21,88.54,-1.33,"Micron Technology, Inc.",Technology,101148377088.0,USD,N/A
TRV,234.11,213.91,20.2,"The Travelers Companies, Inc.",Financial Services,54208831488.0,USD,N/A
L,78.07,77.56,0.51,Loews Corporation,Financial Services,17196177408.0,USD,N/A
AEP,102.99,97.28,5.71,"American Electric Power Company, Inc.",Utilities,55430938624.0,USD,N/A
CI,362.17,336.01,26.16,The Cigna Group,Healthcare,101957107712.0,USD,N/A
DOW,50.26,50.64,-0.38,Dow Inc.,Basic Materials,35151192064.0,USD,N/A
CDW,218.64,213.96,4.68,CDW Corporation,Technology,29406754816.0,USD,N/A
BALL,65.63,62.55,3.08,Ball Corporation,Consumer Cyclical,20035289088.0,USD,N/A
JNJ,164.64,159.28,5.36,Johnson & Johnson,Healthcare,398446362624.0,USD,N/A
WM,207.86,204.73,3.13,"Waste Management, Inc.",Industrials,83493584896.0,USD,N/A
DOV,186.68,176.33,10.35,Dover Corporation,Industrials,25437976576.0,USD,N/A
CRM,253.37,246.1,7.27,"Salesforce, Inc.",Technology,243368919040.0,USD,N/A
PGR,249.48,225.58,23.9,The Progressive Corporation,Financial Services,149648474112.0,USD,N/A
WAT,322.08,324.59,-2.51,Waters Corporation,Healthcare,19343667200.0,USD,N/A
IEX,198.11,194.64,3.47,IDEX Corporation,Industrials,15124025344.0,USD,N/A
BWA,31.98,31.81,0.17,BorgWarner Inc.,Consumer Cyclical,7336438784.0,USD,N/A
LRCX,747.78,747.9,-0.12,Lam Research Corporation,Technology,99968147456.0,USD,N/A
BLK,885.12,859.25,25.87,"BlackRock, Inc.",Financial Services,131201409024.0,USD,N/A
PPL,31.96,31.07,0.89,PPL Corporation,Utilities,23948109824.0,USD,N/A
